STA_ID,DATE,ln_THGFSF,MEHGPPAVG,DOC,DOC,TOC1,TOC2,AFDWSD,CLSW,COND,DO,FNH4SWcombined,FNO2SWcombined,FNO3SWcombined,H2SPWE,MCSD,MEHGSDcombined,MEHGSW,pHcombined,SO4SW,TEMP,THGSDcombined,THGSWcombined,TNSW,TPSW,TURB
M582,36284,5.776714639,4.68,,,21.09,,90.551181,36,390,5.17,0.039,0.001,0.001,0.114,9.448819,0.35,1.15,7.62,0.49,29.05,69,3.54,1.917584,14.539,2.9
M585,36284,4.545169757,3.08,,,18.23,,61.811024,59,703,1.3,0.703,0.002,0.005,0.022,38.188976,0.24,0.271,7.04,0.16,27.54,130,1.85,1.909588,9.548,8.54
M576,36284,5.434739699,,,,22.73,,71.713147,64,650,3.68,0.219,0.005,0.089,0.073,28.286853,1.85,0.0688,7.17,9.1,27.18,120,2.84,1.647821,7.905,1.03
M594,36285,5.195352185,2.777657667,,,26.91,38,68.235294,61,580,5.31,0.53,0.02,0.02,0.23,31.764706,1.165444,0.659,7.41,1.3,30.81,140,2.93,2.674864,17.887,5.45
M577,36286,5.220161909,4.13,,,20.54,,32.941176,35,514,3.76,0.41,0.002,0.0007,0.137,67.058824,0.02,0.42,7.11,0.32,28.51,54,1.99,2.075358,14.415,10.16
M601,36286,5.598488035,1.7342665,,,32.74,45,86.055777,110,752,3.09,0.22,0.02,0.02,0.099,13.944223,0.433721,2.39,7.46,0.32,26.85,160,4.62,2.307391,11.656,7.53
M570,36287,4.561960071,0.907,,,18.49,25,94.921875,17,322,2.53,0.08,0.02,0.02,0.035,5.078125,0.305,0.063,7.04,0.06,28.01,200,1.833333333,1.306254,9.269,2.16
M562,36287,5.033277025,0.95,,,41.99,,82.8125,74,713,3.3,0.074,0.004,0.028,0.099,17.1875,2.21,0.318,7.3,1.5,27.13,110,1.61,1.498462,9.331,6.48
M574,36287,4.17806798,0.2,,,16.795,,84.8,16,326,3.74,0.645,0.003,0.02,0.071,15.2,2.59,0.0773,7.06,0.1,27.09,140,1.5,2.38343,11.098,1.89
M568,36287,3.789704174,0.2465,,,22.21,32,83.070866,41,595,2.99,0.05,0.02,0.02,0.339,16.929134,0.0209,0.222,7.27,1.8,27.13,83,2.223333333,1.842159,12.4155,5.77
M569,36287,4.678626667,5.01,,,19.89,,90.588235,35,365,8.74,0.065,0.001,0.0007,0.102,9.411765,1.96,0.39,7.27,0.17,28.75,150,2.3,1.427655,10.1959,2.51
M561,36287,3.430922448,0.2,,,33.27,,85.882353,65,663,1.35,0.153,0.001,0.0007,1.16,14.117647,0.02,0.857,6.88,3.9,26.07,97,4.74,2.05457,57.443,28.75
M560,36287,4.227210506,0.2,,,23.33,,89.558233,76,721,0.89,0.107,0.002,0.006,1.22,10.441767,0.02,2.39,7.15,2.1,21.49,91,6,1.476615,20.491,9.39
M572,36288,5.145523227,1.680399,,,22.46,32,59.84252,61,566,2.21,0.05,0.02,0.02,0.234,40.15748,0.29749,0.698,7.47,1.4,24.53,85,2.056666667,1.469281,11.191,1.36
M558,36288,5.002214196,4.7365505,,,27.9,39,92.1875,48,552,0.45,0.28,0.02,0.02,0.075,7.8125,0.299274,0.553,6.91,0.47,27.22,240,3.023333333,2.174135,50.468,17.5
M557,36288,4.62206625,3.73,,,23.79,,92.913386,34,410,0.65,0.69,0.004,0.033,0.047,7.086614,0.02,1.19,6.93,0.54,25.71,180,4.47,2.023763,88.6879,11.6
M559,36288,5.063705239,2.51,,,33.81,,90.283401,45,488,2.07,0.904,0.002,0.006,0.074,9.716599,4.13,1.81,6.85,0.43,31.55,140,5.85,2.626846,25.265,6.68
M554,36288,5.262224625,3.44,,,54.68,,92.857143,67,717,0.61,2.403,0.004,0.001,0.136,7.142857,0.19,1.26,6.73,1.3,26.38,140,12.33,3.11347,63.86,37.4
M556,36288,3.779165831,0.2,,,30.59,,45.669291,72,648,3.78,0.099,0.002,0.027,1.37,54.330709,0.63,0.69,7.48,1.8,27.53,82,2.38,1.899312,10.974,4.395
M571,36288,4.84157973,0.2,,,16.42,,91.304348,18,346,2.97,0.067,0.001,0.001,0.167,8.695652,0.91,0.336,7.33,0.22,29.15,150,2.1,1.27754,16.988,3.36
M555,36288,4.096711243,1.72,,,26.2,,88.932806,65,527,4.03,0.036,0.001,0.001,1.85,11.067194,0.11,0.284,7.87,3,31.04,120,1.31,1.400773,10.881,2.02
M575,36288,5.148964994,2.43,,,22.62,,93.650794,67,598,1.22,0.035,0.001,0.0007,0.164,6.349206,2.28,1.55,7.17,0.76,23.77,160,4.24,1.484207,20.925,6.23
M553,36288,2.633320405,0.2,,,29.45,,89.494163,81,621,1.97,0.044,0.002,0.003,0.486,10.505837,0.02,0.373,7.88,3.2,31.54,160,2.14,1.639012,14.384,6.085
M533,36290,4.473521717,3.175,,,33.56,,92.607004,150,875,5.57,0.039,0.004,0.005,5.41,7.392996,0.02,0.927,7.88,34,27.65,150,2.01,1.65747,8,1.35
M511,36291,3.367775129,,,,36.67,26,98.44358,28,218,2.4,0.4,0.02,0.02,0.113,3,5.46,0.866,6.18,0.2,27.31,180,3.493333333,1.475541,18.569,4.39
M506,36291,4.475345674,,,,28.23,,98.828125,23,142.9,1.65,0.038,0.003,0.008,0.078,3,0.88,0.36,6.02,0.1,29.48,99,6.38,1.869777,69.409,13.4
M509,36291,3.325637315,0.2,,,27.98,30,92.54902,43,301,1.66,0.08,0.02,0.02,0.74,7.45098,0.318,1.38,6.72,1.5,25.09,140,3.803333333,1.299681,17.484,4.53
M742,36425,4.331090421,0.2,,,8.733,,22.440945,18,285,8.19,0.014,0.00196,0.0028,0.026,77.559055,0.12,0.0584,7.92,0.082,31.09,48,1.74,0.317445,4.810983,0.78
M746,36425,4.483857712,0.2,,,8.579,,41.897233,19,271,6.54,0.01232,0.00182,0.00826,0.02,58.102767,0.12,0.0381,7.89,0.14,25.87,60,1.925,0.319442,5.368177,0.665
M731,36425,4.831920561,0.2,,,11.64,,36.71875,18,262,10.41,0.00966,0.0014,0.0007,0.06,63.28125,0.02,0.127,8.38,0.76,30.73,54,1.145,0.496074,4.668476,0.61
M743,36425,4.25941499,0.07,,,5.541,,33.2,11,226,8.55,0.01288,0.00168,0.01134,0.016,66.8,0.11,0.0251,8.12,0.2,30.74,31,2.19,0.230971,4.09603,0.945
M735,36425,3.970615314,0.2,,,9.589,,29.761905,28,355,9.26,0.00672,0.00126,0.00098,0.04,70.238095,0.13,0.0885,8.16,2.2,32.52,31,1.845,0.316821,5.779051,0.71
M738,36425,4.040240303,,,,6.326,,48.4,6.9,130.1,7.21,0.00952,0.00168,0.00686,0.071,51.6,0.26,0.041,8.29,0.34,30.48,150,3.345,0.221106,5.024697,0.56
M745,36425,5.207344906,0.38,,,9.547,,36,39,429,8.02,0.01204,0.00182,0.00238,0.136,64,0.28,0.29,7.66,4.3,27.36,28,1.97,0.31493,4.79725,0.915
M740,36425,4.445803143,0.2,,,5.96,,34.661355,6.4,173,6.71,0.00812,0.00168,0.00112,0.116,65.338645,0.1,0.0904,8.01,0.72,29.26,33,3.095,0.207005,5.49599,0.645
M747,36425,4.585550401,0.85,,,11.02,,20.3125,50,376,5.51,0.02338,0.00252,0.00182,0.033,79.6875,0.02,0.228,7.7,0.49,25.9,39,3.3,0.406811,6.249135,0.595
M734,36425,4.922303562,,,,10.67,,68.48249,20,269,5.48,0.01372,0.00056,0.007,1.024,31.51751,0.699,0.122,7.79,0.58,28.68,170,1.97,0.434221,5.737852,0.54
M741,36425,5.437905381,0.2,,,8.7,,31.451613,5.4,253,5.12,0.00966,0.00224,0.0014,0.063,68.548387,0.02,0.109,7.69,0.3,31.76,34,2.895,0.220946,5.517845,0.715
M733,36426,3.758538763,,,,8.521,,44.489796,8.6,238,4.21,0.00938,0.00196,0.00252,0.061,55.510204,0.17,0.0646,7.66,0.13,26.78,110,1.86,0.348088,6.047108,0.575
M722,36426,4.813530717,4.29,,,10.69,,38.4,11,221,7.35,0.00854,0.00154,0.0007,0.088,61.6,0.02,0.0942,8.37,0.009,31.63,36,1.365,0.545044,4.48911,0.635
M719,36426,5.093373265,0.7365,,,13.83,12,41.176471,30,363,9.89,0.04,0.00168,0.00112,0.123,58.823529,0.535,0.13,8,1.7,29.98,120,1.16,0.74708,5.057495,0.82
M732,36426,5.09816638,,,,8.877,,68.774704,15,241,5.03,0.0091,0.00154,0.00126,0.049,31.225296,0.58,0.0951,7.83,0.22,28,180,1.395,0.413739,0.6,0.64
M728,36426,4.276705799,,,,11,,36.758893,20,279,6.38,0.0119,0.0021,0.0007,0.099,63.241107,0.16,0.0931,8.12,0.046,30.29,40,1.135,0.449548,5.821893,0.7
M729,36426,3.596724992,0.2,,,9.22,,39.676113,11,234,6.22,0.01176,0.0035,0.00028,0.055,60.323887,0.19,0.0427,7.8,0.05,27.86,110,1.41,0.407446,5.1274,0.5
M720,36426,5.377121943,1.915,,,15.61,,41.056911,33,412,8.1,0.01176,0.00182,0.0007,0.125,58.943089,0.02,0.287,7.79,5.2,29.48,61,2.015,0.77,4.594169,0.645
M727,36426,4.099308405,0.21,,,9.453,,33.333333,14,262,7.82,0.00966,0.0014,0.00182,0.011,66.666667,0.09,0.0762,7.96,0.11,30.71,43,1.345,0.446625,4.880051,0.76
M723,36426,4.402196841,,,,8.841,,26.27451,10,224,8.65,0.00574,0.00112,0.0007,0.064,73.72549,0.02,0.0234,8.26,0.009,31.2,26,1.105,0.480731,4.444222,0.55
M725,36426,4.498300599,0.32,,,10.02,,43.426295,15,246,8.34,0.00994,0.0014,0.00168,0.049,56.573705,0.06,0.0686,8.1,0.2,31.44,78,1.14,0.473488,4.898713,0.74
M726,36426,4.68127107,1.82,,,11.5,,84.645669,21,292,4.7,0.00868,0.00196,0.0007,0.196,15.354331,0.72,0.126,7.72,1.4,27.87,130,1.035,0.400216,5.055635,0.475
M724,36426,5.036368016,4.11,,,14.08,,78.137652,29,350,8.85,0.0098,0.0021,0.00028,0.1,21.862348,0.57,0.259,8.16,2.9,30.88,160,1.66,0.785034,5.217889,0.82
M730,36426,5.44854608,,,,11.77,,89.803922,23,277,2.94,0.01204,0.0035,0.00126,0.124,10.196078,2.31,0.168,7.65,0.3,27.4,250,1.17,0.507559,5.874655,0.6
M714,36426,5.477538886,1.67,,,13.99,,45.059289,25,305,5.92,0.00952,0.00154,0.0056,0.206,54.940711,0.31,0.33,7.74,1.8,30.22,150,1.975,0.598682,4.629478,0.53
M718,36427,3.778491613,0.3,,,11.71,,32.258065,12,238,5.75,0.00462,0.0007,0.0007,0.03,67.741935,0.12,0.0765,7.78,0.72,28.67,42,1.595,0.598694,4.526341,0.645
M712,36427,4.51388475,0.26,,,11.34,,34.8,12,246,4.48,0.00826,0.00042,0.00056,0.074,65.2,0.02,0.0931,7.61,0.72,28.51,42,2.14,0.702472,4.478818,0.54
M707,36427,4.535697603,,,,11,,46.747967,7.6,198,4.79,0.0049,0.00154,0.00056,0.049,53.252033,0.67,0.149,7.38,0.72,26.83,110,2.055,0.733083,6.600582,0.585
M703,36427,5.489103002,0.77,,,14.16,,29.880478,29,337,8.24,0.0084,0.00168,0.0007,0.1,70.119522,0.24,0.262,7.96,3.3,28.18,90,1.66,0.808939,5.313307,0.645
M708,36427,5.091108678,1.8,,,14.46,,75.6,21,358,2.25,0.01288,0.00112,0.0007,0.072,24.4,0.2,0.174,7.49,0.72,25.82,130,1.205,0.737897,5.214076,0.8
M705,36427,5.847342577,,,,10.09,,89.494163,10,247,5.57,0.01722,0.00224,0.0007,0.042,10.505837,0.84,0.0561,7.34,0.72,26.57,200,1.285,0.654701,5.906027,1.18
M704,36427,5.27622512,2.46,,,9.518,,54.471545,12,261,4.36,0.09842,0.00252,0.00014,0.087,45.528455,0.21,0.107,7.46,0.72,26.69,130,1.775,0.694936,5.389536,1.325
M711,36427,5.32222221,2.31,,,10.66,,78.04878,12,280,3.85,0.00798,0.00042,0.0007,0.101,21.95122,0.02,0.11,7.51,0.72,26.44,130,1.125,0.578256,5.65192,1.11
M710,36427,5.467843118,2.01225,,,14.72,20,33.992095,29,326,7.87,0.039,0.0014,0.00056,0.061,66.007905,0.404,0.02,8.2,3.5,28.04,120,0.7,0.878167,4.714232,0.845
M716,36427,5.141262476,0.92,,,14.86,,67.479675,31,400,2.78,0.0161,0.00182,0.00224,0.063,32.520325,0.41,0.249,7.37,3,26.5,120,2.295,0.650855,4.575259,0.68
M706,36427,4.67226793,0.2,,,10.45,,33.201581,7.5,179,8.88,0.0098,0.00154,0.00154,0.007,66.798419,0.061,0.0341,8.14,0.72,28.37,59,1.44,0.621186,4.623123,0.54
M691,36428,5.150301991,,,,11.67,,93.927126,12,194,4.66,0.00868,0.00266,0.0007,0.06,6.072874,0.52,0.176,7.35,0.73,26.11,110,1.125,0.387011,5.198731,0.33
M700,36428,5.26299362,2.19,,,12.27,,81.673307,29,368,5.77,0.01008,0.00154,0.0007,0.079,18.326693,0.36,0.224,7.41,1.1,26.17,200,2.12,0.967507,4.751494,2.36
M692,36428,3.875210815,,,,12.17,,91.497976,11,179,2.67,0.01372,0.0021,0.0007,0.049,8.502024,1.03,0.0239,7.12,0.72,25.8,160,0.99,0.39873,6.48706,0.675
M689,36428,5.630837927,1.72,,,17.71,,82.4,53,538,3.26,0.00672,0.00196,0.0007,0.056,17.6,0.33,0.279,7.3,7.4,25.73,140,1.225,0.993873,4.962294,0.435
M702,36428,5.104416166,3.84,,,16.9,,43.700787,41,450,2.82,0.00938,0.0021,0.0007,0.055,56.299213,0.09,0.155,7.55,8.6,26.7,86,1.115,1.603676,4.438797,0.51
M696,36428,5.823329033,1.093,,,17.05,19,86.770428,47,465,5.26,0.041,0.00112,0.0007,0.102,13.229572,0.375,0.12,7.59,3.5,26.11,150,1.5,0.744295,4.95473,0.455
M693,36428,4.993023981,,,,10.22,,80.30888,4.6,125,4.08,0.01414,0.0014,0.00084,0.052,19.69112,0.14,0.0946,7.54,0.72,26.65,180,1.36,0.658021,5.577923,0.71
M694,36428,5.214120208,,,,12.39,,91.836735,12,239,5.53,0.02198,0.00196,0.0007,0.146,8.163265,0.57,0.0405,7.57,0.72,26.6,170,1.405,0.77,5.11748,0.45
M690,36428,5.628083492,,,,13.11,,90.272374,12,200,3.24,0.0008,0.00196,0.0007,0.141,9.727626,0.11,0.235,7.22,0.87,25.81,220,1.2,0.490383,4.789748,0.445
M695,36428,5.578149064,2.01,,,16.21,,63.137255,45,491,4.43,0.0105,0.00182,0.0007,0.086,36.862745,0.26,0.28,7.49,2.9,26.14,130,1.97,0.724981,4.81058,0.725
M687,36428,4.030059982,,,,18.74,,91.463415,57,569,1.08,0.04872,0.00266,0.0007,0.102,8.536585,0.67,0.725,7.21,5.3,25.4,120,1.91,0.700751,7.145221,1.08
M698,36428,4.336636932,,,,10.91,11,90.836653,12,212,2.66,0.04,0.0014,0.0007,0.038,9.163347,1.01,0.02,7.29,0.072,25.53,220,0.81,0.805288,5.006934,0.535
M686,36428,3.257162025,,,,18.68,,89.494163,61,602,1.91,0.0742,0.00812,0.00714,1.373,10.505837,0.02,0.0165,7.36,10,25.94,130,1.095,0.685468,7.365228,0.71
M679,36429,5.200515512,2.96,,,16.7,,85.887097,25,331,7.27,0.00658,0.00252,0.00294,0.048,14.112903,0.16,0.0632,7.86,0.72,28.12,140,1.245,0.613226,6.893718,0.695
M683,36429,5.401930644,,,,11.55,,88.709677,9.5,155,1.78,0.00728,0.00224,0.00182,0.039,11.290323,0.36,0.083,7.42,0.72,25.43,210,1.135,0.457682,5.439322,0.505
M675,36429,4.760662819,,,,22.51,,90.836653,32,406,3.44,0.00952,0.0028,0.0007,0.795,9.163347,5.5,0.128,7.33,7.7,26.76,180,1.35,0.573493,6.930639,0.675
M682,36429,5.128600322,1.4135,,,14.36,15,75.686275,8.2,247,7.74,0.038,0.00252,0.0014,0.04,24.313725,0.44,0.02,7.8,0.72,27.73,170,1.32,0.555043,4.95225,0.81
M677,36429,3.974273204,2.68,,,18.51,,89.411765,34,444,2.65,0.00574,0.00238,0.0007,0.488,10.588235,4.16,0.17,7.42,10,27.21,160,1.34,0.775803,7.920376,0.83
M697,36429,4.942366653,2.19,,,18.89,,86.122449,51,455,6.01,0.00756,0.00168,0.0007,0.273,13.877551,0.27,0.138,8.23,6.3,29.24,120,1.98,0.90919,6.258931,0.5
M684,36429,5.290270795,3.41,,,18.08,,81.007752,53,573,6.14,0.007,0.00266,0.0007,0.097,18.992248,0.32,0.209,7.48,5.3,28.47,120,1.44,0.610409,5.195786,0.535
M701,36429,3.660773892,0.59,,,12.46,,86.220472,25,288,7.4,0.00434,0.0014,0.0007,0.144,13.779528,0.084,0.0208,8.36,0.72,28.92,140,1.255,1.265873,5.212309,0.435
M681,36429,4.147456438,4.12,,,18.45,,81.960784,57,665,4.09,0.14784,0.00294,0.00238,0.211,18.039216,0.59,0.222,7.3,2.7,27.37,78,1.38,0.686718,5.541746,0.615
M671,36429,4.589867992,3.3105,,,19.43,19,79.282869,27,414,1.56,0.041,0.0021,0.0007,0.646,20.717131,1.37,0.02,7.4,19,25.69,190,1.54,0.593618,6.209331,0.77
M685,36429,4.764076884,,,,12.59,,92.771084,12,258,6.77,0.00518,0.0021,0.0007,0.05,7.228916,0.25,0.0467,7.58,0.72,27.84,200,1.31,0.445182,5.804099,0.545
M678,36429,4.46579317,,,,13.81,,92.460317,15,208,7.23,0.00462,0.00196,0.00336,0.103,7.539683,0.4,0.127,7.72,0.72,27.65,130,1.15,0.469073,7.678452,0.49
M674,36429,3.562627615,0.83,,,17.46,,93.72549,25,406,2.53,0.01596,0.00238,0.0007,3.275,6.27451,0.02,0.337,7.35,19,27.05,150,1.19,0.479772,6.208184,0.59
M688,36429,4.824988214,,,,11.32,,94.094488,6.6,144.2,7.25,0.00546,0.0021,0.0007,0.01,5.905512,0.94,0.0252,7.94,0.72,27.84,220,1.09,0.409707,5.412848,0.63
M670,36430,4.649036687,1.48,,,20.14,,72.908367,35,433,4.66,0.00966,0.00238,0.0007,0.95,27.091633,0.02,0.43,7.66,21,26.29,110,1.735,0.69,6.112394,0.64
M680,36430,6.045584023,,,,15.68,,89.156627,26,347,3.4,0.0098,0.00238,0.0042,0.076,10.843373,0.81,0.199,7.36,1,26.75,230,1.17,0.613886,6.108581,0.655
M665,36430,5.009453643,1.09,,,23.95,,86.904762,54,510,8.64,0.0098,0.00308,0.0007,0.95,13.095238,0.27,0.42,7.71,17,29.47,180,2.59,0.688568,6.585454,0.615
M667,36430,4.404347094,,,,18.52,,98.704453,17,322,2.58,0.00616,0.00364,0.0007,0.192,1.295547,4.37,0.254,7.18,5.4,27.32,120,1.125,0.532033,9.84653,0.38
M662,36430,4.726780812,4.81,,,25.77,,94.354839,80,659,9.02,0.00882,0.0028,0.0007,0.118,5.645161,0.15,1.56,7.61,24,29.91,64,3.86,0.678472,7.93569,0.98
M663,36430,4.90717421,,,,19.94,,69.322709,44,400,4.8,0.00574,0.00266,0.0007,0.209,30.677291,3.9,0.348,7.31,5.7,27.98,73,1.705,0.687285,7.834134,0.685
M673,36430,5.15222579,,,,18.9,,32.66129,22,383,3.95,0.00658,0.00364,0.0007,0.149,67.33871,3.29,0.776,7.35,6.3,27.59,84,2.06,0.510971,8.034425,0.455
M659,36430,4.84857564,,,,26.98,,78.861789,60,547,3.87,0.00378,0.00238,0.0007,0.19,21.138211,4.15,0.244,7.19,5.5,27.2,150,1.69,0.933104,8.853786,0.57
M666,36430,5.517384047,,,,20.49,,89.243028,24,324,5.52,0.00728,0.00294,0.0007,0.187,10.756972,3.77,0.372,7.41,1.8,29.62,200,1.135,0.565879,7.985166,0.5
M669,36430,5.703272821,,,,26.09,,88.582677,49,487,3.5,0.00756,0.00294,0.0007,1.192,11.417323,0.39,0.343,7.44,8.4,26.32,120,1.88,0.775505,7.511207,0.545
M657,36430,3.981788909,,,,33.66,,76.377953,57,722,2.29,0.00518,0.00378,0.0007,0.228,23.622047,3.63,0.0848,7.28,42,27.36,150,1.365,1.137101,15.56975,0.72
M664,36430,5.225208895,,,,27.47,,59.677419,66,567,3.37,0.00854,0.00392,0.0007,0.196,40.322581,5.52,0.357,7.42,11,27.01,110,1.675,0.886006,8.995332,0.63
M672,36430,6.210456635,,,,15.43,,94.693878,12,193,3.03,0.00574,0.00378,0.00042,0.178,5.306122,2.55,0.395,7.12,1.3,26.8,170,2.035,0.38817,6.6867,0.51
M660,36430,2.134166441,0.2,,,29.14,,53.877551,97,796,4.17,0.00392,0.00308,0.0007,0.304,46.122449,1.67,0.15,7.58,35,28.1,110,0.945,0.975927,28.27603,1.52
M668,36430,4.875851415,,,,17.15,,86.122449,19,315,2.13,0.00896,0.00378,0.0007,0.213,13.877551,0.57,0.316,7.17,3,26.68,130,1.21,0.483028,8.230407,0.535
M653,36431,2.110039973,,,,34.31,,15.873016,59,797,2.26,0.0147,0.07406,0.7784,0.642,84.126984,0.1,0.0253,7.3,52,27.23,28,1.065,1.855164,73.753247,1.45
M647,36431,4.0283065,2.38,,,37.49,,89.76378,93,1035,3.87,0.00658,0.00322,0.0035,1.725,10.23622,3.73,0.3,7.39,54,27.79,150,1.475,1.358775,12.980847,0.845
M655,36431,2.38863168,,,,35.39,,77.992278,68,801,1.82,0.0518,0.13272,0.33586,2.02,22.007722,1.58,0.0767,7.29,51,26.47,110,1.075,1.593359,78.613334,1.235
M651,36431,5.180265545,1.6855,,,30.65,30,53.100775,66,731,7.79,0.043,0.00266,0.00077,0.086,46.899225,0.996,0.18,7.65,41,30.99,65,1.14,0.914126,13.999786,0.67
M646,36431,5.251487779,,,,33.42,,83.333333,64,758,6.92,0.00966,0.02968,0.06356,0.216,16.666667,4.1,0.49,7.49,46,31.18,180,1.56,1.56,15.828104,0.975
M650,36431,4.811289646,,,,30.02,,89.516129,110,871,5.35,0.0056,0.00364,0.0007,1.015,10.483871,0.86,0.735,7.51,38,29.03,140,1.945,0.870713,6.099529,0.46
M658,36431,5.406268094,,,,26.38,,92.607004,66,560,6.27,0.00588,0.00294,0.0007,5.385,7.392996,0.02,0.395,7.57,26,30.42,180,2.435,0.998114,9.685237,0.895
M676,36431,5.478917205,,,,18.05,,89.453125,25,369,2.77,0.00518,0.00378,0.0007,0.102,10.546875,0.34,1.08,7.15,1.7,26.73,170,2.35,0.589,8.842843,0.85
M654,36431,4.592027052,3.19,,,27.46,,88.477366,62,638,5.5,0.0077,0.00322,0.0007,0.145,11.522634,4.21,0.0872,7.46,26,28.88,140,1.505,0.949435,11.370273,0.565
M645,36431,3.321896457,0.3175,,,42.34,52,84.860558,140,1096,2.39,0.044,0.00448,0.0007,5.92,15.139442,0.02,0.43,7.4,59,27.42,120,3.42,2.251054,30.837808,1.205
M656,36431,4.737363182,,,,18.45,,69.88417,25,307,6.54,0.01666,0.00238,0.00084,0.134,30.11583,2.73,0.245,7.39,1.9,27.8,110,1.595,0.547946,10.057299,0.59
M652,36431,4.605227324,1.1455,,,21.46,19,87.5,36,407,4.07,0.04,0.00266,0.00014,0.21,12.5,1.93,0.02,7.22,2.1,27.74,130,0.8,0.606323,7.73233,0.675
M630,36431,4.158994687,,,,21.2,19,88.888889,12,67.2,7.45,0.039,0.00294,0.00084,0.033,11.111111,0.587,0.02,6.33,0.72,31.98,120,2.09,1.471189,9.2659,1.23
M648,36431,5.29524121,,,,26.86,,88.709677,65,550,5.63,0.00812,0.00322,0.00322,0.915,11.290323,3.06,1.2,7.28,11,28.61,150,4.545,1.398248,10.409924,0.63
M649,36431,5.698008695,,,,27.75,,85.657371,78,657,7.32,0.00756,0.00308,0.00084,2.93,14.342629,6.88,1.08,7.59,25,30.72,170,3.4,0.811742,9.069174,0.745
M661,36432,4.896452913,2.81,,,22.07,,71.314741,51,489,3.8,0.0049,0.00252,0.0021,0.221,28.685259,0.23,0.344,7.28,8.8,26.97,140,2.79,0.809728,7.951469,0.54
M628,36432,5.346767335,,,,19.6,,93.951613,52,192,2.88,0.00462,0.00294,0.0007,0.147,6.048387,10.73,1.62,6.55,2.8,27.35,170,3.13,0.787711,9.021589,0.445
M638,36432,5.439357995,,,,22.53,,76.284585,55,487,6.89,0.00742,0.00266,0.0007,0.459,23.715415,19.72,0.38,7.46,2.9,32.5,260,2.62,1.226522,9.223058,0.825
M631,36432,4.992267637,,,,17.69,,98.380567,9,55.5,7.85,0.00574,0.00392,0.00182,0.069,1.619433,0.73,0.0484,6.63,0.72,30.77,180,3.035,1.057334,9.715834,1.765
M635,36432,4.095677007,,,,17.36,,95.752896,5.9,45.5,8.13,0.00798,0.00574,0.0007,0.025,4.247104,8.57,0.117,6.34,0.72,28.91,190,2.155,1.914555,9.616386,1.175
M634,36432,4.542367299,,,,29.86,32,86.8,150,942,3.09,0.041,0.0042,0.00014,2.385,13.2,0.5255,0.02,7.26,25,28.85,120,2.08,1.791384,9.666575,0.965
M640,36432,4.69576798,,,,16.23,,91.836735,7.2,55.3,3.19,0.00574,0.00448,0.0007,0.039,8.163265,7.17,0.428,6.68,0.86,27.99,150,2.395,0.545332,14.882976,1.21
M636,36432,4.332554983,2.55,,,38.62,40,92.913386,140,1054,3.68,0.044,0.0049,0.0007,4.49,7.086614,0.153,0.55,7.37,56,31.73,130,2.32,1.452889,8.602252,0.825
M642,36432,3.343366483,,,,39.12,,90,130,1014,0.8,0.00742,0.00728,0.0007,6.71,10,0.23,1.19,7.35,43,25.98,100,2.095,1.948727,95.38824,1.515
M626,36433,4.379147494,,,,22.65,,93.700787,13,79.7,2.15,0.01148,0.00364,0.0007,0.04,6.299213,12.8,0.24,6.28,0.72,27.94,140,2.325,2.158608,8.097045,1.165
M624,36433,4.863680881,,,,27.22,,94,21,107.7,3.32,0.0105,0.00448,0.0007,0.067,6,7.11,0.372,5.91,0.72,28.3,160,3.095,1.120456,7.53331,0.855
M644,36433,5.278908803,,,,29.06,,100,91,703,3.6,0.007,0.00308,0.0007,0.694,0,24.05,1.31,7.1,22,28.59,200,3.16,1.1199,9.511327,0.485
M623,36433,5.674157479,,,,22.28,,94.736842,18,128.2,2.87,0.01008,0.00406,0.0007,0.24,5.263158,1.46,1.01,6.68,2.1,27.4,88,2.985,1.032324,12.235204,3.97
M622,36433,5.159752924,,,,36.77,,38.521401,58,335,3.23,0.01302,0.0056,0.0007,0.163,61.478599,16.51,4.61,6.55,4.8,27.8,170,8.355,1.159818,9.003671,0.94
M625,36433,4.207864554,,,,28.27,,96.414343,76,565,4.2,0.0091,0.00462,0.0007,0.476,3.585657,0.33,1.04,7.13,15,30.75,140,2.86,1.282598,8.258214,0.69
M627,36433,4.042825681,,,,40.89,,96.428571,17,1205,2.22,0.00672,0.0056,0.0007,2.23,3.571429,2.46,0.245,7.26,66,28.42,130,1.07,1.833421,15.120374,1.9
46,38475,3.800931815,0.71,21,,,,86.37485971,48,468,2.92,0.077560634,0.000634765,0.005706874,0.126,13.62514029,1.2,0.293,6.84,0.15,26.51,150,1.9,0.44078989,14.68774876,12.4
45,38475,3.874172781,#DIV/0!,19,,,,85.92493298,50,512,3.49,0.09279772,0.000680858,0.002,0.117,14.07506702,1.8,0.195,7.04,0.37,30.57,120,2.1,0.379587568,13.08727521,4.6
49,38475,3.909161773,#DIV/0!,25,,,,83.85222084,68,645,3.63,0.158658394,0.0015,0.0144,0.099,16.14777916,1.1,0.163,7.2,0.15,27.85,190,2.4,0.683541044,21.32584515,4.3
53,38476,3.767822656,0.8,20,,,,48.68238558,46,510,5.95,0.247647419,0.007046155,0.080214443,0.043,51.31761442,0.56,0.195,7.44,0.45,27.08,86,2.2,1.3214,9.810987753,7
62,38476,5.058971841,0.68,19,,,,89.6451546,43,496,4.61,0.203338451,0.0019,0.021292305,0.053,10.3548454,0.7,0.224,7.11,0.15,28.07,110,2,1.22569834,16.26989627,9.5
57,38477,4.016383021,1.01,26,,,,40.19746121,65,326,5.77,0.616337744,0.005766105,0.02305487,0.054,59.80253879,0.72,1.4,7.33,0.61,24.61,120,3.5,1.9384,18.54083764,7.2
37,38477,4.043051268,#DIV/0!,18,,,,69.68627945,48,555,3.66,0.077293019,0.021821707,0.811551393,0.108,30.31372055,1.1,0.15,7.43,8.2,22.37,180,2.5,1.672658652,12.21820376,3.2
43,38477,4.313671315,#DIV/0!,17,,,,82.6487524,40,452,3.57,0.020968066,0.002321426,0.10358949,0.175,17.3512476,2.7,0.133,7.09,2.9,22.75,170,2.7,0.736101908,12.02294283,10.3
81,38477,5.238719004,0.64,20,,,,57.47726833,67,623,2.19,0.019859973,0.003182157,0.087265321,0.194,42.52273167,4,0.324,7.37,2.4,22.19,150,2,0.851209907,8.302373108,1.4
31,38478,4.670155036,#DIV/0!,28,,,,80.40059903,69,642,4.88,0.024917231,0.0012,0.027194135,0.128,19.59940097,1.5,0.476,7.23,5.3,24.11,150,2.2,0.932049249,10.25498243,70
12,38478,5.101607072,#DIV/0!,22,,,,81.09930527,1100,3696,5.05,0.029837781,0.003947322,0.005834061,11.65,18.90069473,0.9,0.703,7.39,110,27.1,99,2.9,0.803051249,20.00529463,12.3
30,38479,2.843246873,0.37,19,,,,66.43145161,59,562,5.72,0.077233254,0.0004,0.0017,0.106,33.56854839,4.7,0.233,7.25,0.3,24.62,56,3,0.45989475,17.54205337,6.6
33,38479,4.256625368,6.1,26,,,,34.92156863,68,593,8.24,0.091539589,0.003165467,0.036205775,0.434,65.07843137,0.26,0.442,7.48,7.3,26.54,73,2.4,0.408902484,8.130807371,1.6
91,38479,4.298256752,0.66,21,,,,70.62904718,58,496,9.47,0.013458319,0.00065979,0.006393524,0.186,29.37095282,2.5,0.305,8.05,4.5,30.16,94,3.2,0.597827966,5.960577362,1
28,38479,4.839677496,1.7,49,,,,41.13801025,57,645,3.08,0.912236192,0.00375022,0.01797321,0.044,58.86198975,2,0.557,7.03,2.4,30.7,89,6.7,1.165836331,50.61420091,31.6
35,38479,4.934473933,2.9,22,,,,17.54448399,66,443,4.73,0.134623839,0.004904191,0.100238692,0.071,82.45551601,0.21,0.431,7.44,3.1,24.68,55,2,0.56298471,9.597683676,30.6
101,38480,2.915451442,2.3,18,,,,68.55567806,38,456,10.14,0.01106527,0.0005,0.0017,0.96,31.44432194,3.7,0.549,7.92,14,31.24,130,3.7,0.328911964,11.91283014,12.4
106,38480,3.734944821,#DIV/0!,21,,,,44.82364156,39,467,5.87,0.016878098,0.00105974,0.0017,0.151,55.17635844,2.2,0.678,7.64,9.9,32.52,44,2.4,0.392273112,10.5292197,12.4
52,38480,3.986335038,#DIV/0!,16,,,,91.32335631,31,380,1.32,0.066579528,0.0003,0.002066607,0.038,8.676643686,0.5,0.0759,6.88,0.054,22.46,210,2.2,0.362971519,14.78411253,12.3
59,38480,4.180959035,#DIV/0!,16,,,,81.96902655,44,557,5.18,0.015458001,0.003944866,0.20562834,0.144,18.03097345,1.8,0.141,7.11,3.1,21.8,120,1.9,0.441169974,7.921956742,0.5
63,38480,4.258647614,1.5,20,,,,34.55401517,53,552,5.36,0.026236358,0.003106916,0.002366131,0.109,65.44598483,0.19,0.41,7.46,6.4,29.21,51,2.6,0.375553213,7.636961303,10.2
51,38480,4.502979245,4,17,,,,89.03002309,40,385,2.35,0.064878746,0.001944119,0.014624698,0.168,10.96997691,0.53,0.267,7.1,0.45,22.82,200,1.5,0.397924771,7.726022378,1.3
73,38481,1.561996838,#DIV/0!,22,,,,52.46053853,84,807,7.05,0.018421482,0.003137751,0.014162249,0.117,47.53946147,1.8,0.137,7.49,0.42,30.18,100,1.3,0.354495864,6.708499601,8.2
105,38481,2.900636357,#DIV/0!,27,,,,81.74929995,62,385,3.93,0.014483337,0.0011,0.0017,0.204,18.25070005,2.7,0.153,7.4,5.1,23.27,82,1.7,0.427437546,9.30685645,1.4
93,38481,3.160035325,#DIV/0!,21,,,,86.56971771,61,398,7.69,0.013078939,0.000911837,0.0017,0.131,13.43028229,6.1,0.197,7.65,7.5,30.35,97,2.4,0.349111691,5.390395699,0
80,38481,3.85922482,1.445,24,,,,78.23218997,74,583,5.45,0.037937815,0.006666557,0.019860548,1.81,21.76781003,0.23,0.318,7.52,7.4,26.85,110,2.1,0.489669248,6.550416194,1.1
68,38481,3.900528626,0.525,21,,,,81.88349515,57,492,1.79,0.039723554,0.000950361,0.016349639,0.414,18.11650485,0.32,0.298,7.22,1.9,21.5,87,1.5,0.393010523,4.847123144,1
99,38481,4.022797411,#DIV/0!,26,,,,85.49138333,63,448,5.97,0.013389868,0.001662457,0.0017,0.136,14.50861667,5.2,0.249,7.51,3.8,27.99,88,2.4,0.472680858,10.11953875,0.2
94,38481,4.24645234,#DIV/0!,20,,,,84.80683507,52,148,7.32,0.015447547,0.001312511,0.0017,0.203,15.19316493,5.2,0.287,7.81,2.5,32.63,100,2.3,0.360832637,6.129602617,0.2
72,38481,3.723970774,0.66,23,,,,85.12945342,64,506,3.19,0.029752976,0.001687145,0.0017,0.643,14.87054658,0.18,0.298,7.24,2.1,21.68,110,1.3,0.461360129,4.508691061,1
74,38481,2.313948852,0.34,19,,,,84.6641791,57,573,4.38,0.021991496,0.003389254,0.0017,1.45,15.3358209,0.23,0.129,7.33,22,25.12,120,1.2,0.345789054,9.556227459,1.8
54,38482,3.831742174,0.72,14,,,,87.21345952,28,405,4.19,0.053057475,0.0005,0.0017,0.082,12.78654048,0.56,0.125,7.14,0.03,24.39,140,1.2,0.350299048,4.205305291,1.6
61,38482,4.195697056,0.62,11,,,,91.8200409,29,336,7.78,0.012313126,0.0003,0.0017,0.05,8.1799591,0.61,0.0526,7.77,0.075,29.04,160,1.5,0.253968232,4.321493513,0.2
88,38482,4.586666714,3.6,19,,,,86.31408026,58,520,4.2,0.022322432,0.000593626,0.016706374,0.151,13.68591974,4.7,0.371,7.39,2.2,26.36,130,1.9,0.629737936,5.701228652,0.5
69,38482,4.683453104,1.4,12,,,,89.60216998,35,383,5.15,0.013353813,0.000431986,0.003269578,0.081,10.39783002,0.83,0.275,7.35,0.4,30.14,200,1.4,0.887876036,6.636958799,7.8
86,38482,2.63905733,#DIV/0!,17,,,,86.32355299,55,508,4.11,0.013795852,0.001242421,0.012782777,1.35,13.67644701,2.7,0.275,7.23,4.2,25.8,100,2.3,0.325958895,11.46914397,0.8
58,38482,2.995732274,0.43,14,,,,89.0726521,33,401,2.95,0.012987074,0.000293583,0.017006417,0.045,10.9273479,0.569513468,0.0349,6.46,0.029,26.86,200,0.91,0.401139606,4.655534652,3.9
84,38483,3.885972328,#DIV/0!,28,,,,31.53331941,100,710,7.4,0.023483635,0.002821227,0.016872392,0.96,68.46668059,0.26,0.347,8.06,9.6,28.89,71,2.1,0.569712174,11.45126467,0.5
107,38483,4.124827579,2.4,39,,,,87.32835821,140,1033,9.06,0.032798738,0.002569732,0.003000461,1.048,12.67164179,0.89,1.27,7.98,38,29.88,140,4.7,0.548063209,8.764815608,0.7
77,38483,4.225790448,1.2,29,,,,87.69356153,60,586,3.15,0.033846931,0.002612277,0.026027183,0.623,12.30643847,1.2,0.197,7.34,18,24.3,120,1.5,0.337596375,7.524760433,0.3
89,38483,5.010635294,#DIV/0!,29,,,,86.53996865,96,722,6.3,0.026650564,0.002000022,0.010216177,0.92,13.46003135,5.7,0.979,7.74,19,29.57,140,3,0.445781471,9.80662379,0.4
76,38483,4.768260381,#DIV/0!,17,,,,84.23236515,40,441,2.01,0.041932957,0.001023129,0.004412143,0.117,15.76763485,0.35,0.841,7.37,1.1,23.15,140,2.3,0.351629709,8.006217418,2.1
114,38484,3.536394054,#DIV/0!,21,,,,95.97206054,22,125,1.64,0.020143659,0.001963018,0.032256295,0.045,4.027939464,4.5,0.113,5.75,0.052,23.77,110,2.8,0.145672918,11.27122403,6
118,38484,2.816263786,#DIV/0!,20,,,,90.57621892,46,374,4.93,0.027841083,0.004219905,0.027846109,1.58,9.423781075,0.82,0.694,6.96,5.3,25.84,92,3.3,0.298188682,9.256387236,6.3
117,38484,3.031513011,#DIV/0!,33,,,,94.89348844,25,128,3.86,0.04286405,0.004344169,0.027588792,0.031,5.106511558,11,0.182,5.33,0.039,28.65,130,5.1,0.377905188,16.10400023,110
96,38484,3.440418095,1.6,31,,,,87.0029301,110,777,5.61,0.033850807,0.003869849,0.038572923,9.075,12.9970699,0.5888422,0.405,7.53,22,26.1,180,2.2,0.316586572,11.75470394,0.6
100,38484,4.02023659,#DIV/0!,31,,,,87.06879161,100,874,2.49,0.036182424,0.005726488,0.029696305,1.062,12.93120839,0.94,0.725,7.43,30,24.38,160,2.6,0.404111478,9.624560224,1.1
110,38484,4.321290399,3.05,50,,,,85.74438202,190,1243,5.12,0.093329153,0.003575242,0.03109421,0.868,14.25561798,0.21,3.83,7.76,43,23.53,110,7,0.684929223,13.03319476,7.4
365,38485,2.824774475,#DIV/0!,19,,,,91.15286749,51,442,5.55,0.009419454,0.000465516,0.044850164,3.89,8.847132511,0.46,0.244,7.33,9,28.02,220,1.6,0.248318191,8.308204397,0.4
120,38485,3.85922482,#DIV/0!,33,,,,94.27015251,39,196,2.33,0.422312069,0.001664771,0.055618221,0.04,5.729847495,3.6,0.324,5.65,0.27,24.52,180,6.6,0.614924918,22.7961892,12
121,38485,1.929103031,#DIV/0!,25,,,,88.47826087,42,287,0.85,0.017642135,0.000718549,0.02846105,0.62,11.52173913,2.4,0.261,6.72,3.5,21.26,150,1.6,0.337250031,7.706126123,0.4
115,38485,2.880000704,#DIV/0!,25,,,,91.26231994,75,352,3.74,0.027873184,0.001092085,0.036821157,4.86,8.737680061,0.36,0.14,6.81,14,23.18,95,2.3,0.20719964,28.5502284,2
90,38486,3.894731508,1.7,26,,,,75.59192201,72,589,1.58,0.020188559,0.002656251,0.017123127,1.063,24.40807799,0.94,0.2,7.3,6.5,22.53,120,1.9,0.545783497,9.365235157,2.6
351,38486,3.895893623,#DIV/0!,26,,,,89.09399533,73,539,3.41,0.02841852,0.004941483,0.002,1.49,10.90600467,8.4,0.623,7.16,13,21.07,240,3,0.482106111,6.97258139,0.6
350,38486,3.672072336,0.797447992,43,,,,82.98913875,200,1199,5.33,0.022245894,0.002331349,0.026177617,6.22,17.01086125,0.11,2.36,7.63,15,21.62,160,4.5,1.359017739,9.601910563,4.9
154,38664,2.174189669,0.057706084,9.1,,,,14.24448217,34,250,9.1,0.0138,0.0004,0.0017,0.049,85.75551783,0.132805228,0.07,7.82,0.016,28.48,40.54509439,2.6,0.18,7.9,3.8
163,38664,3.836042154,5.096039535,16,,,,24.79986077,59,555,1.54,0.0205,0.0025,0.0457,0.086,75.20013923,0.25,0.62,6.9,2.7,23.48,61.74062212,1.8,0.28,8.6,0.8
152,38665,3.805779515,1.182224676,11,,,,28.34162521,24,341,2.41,0.0547,0.001,0.0272,0.191,71.65837479,0.120952527,0.13,7.22,0.23,25.24,62.59407118,1.4,0.27,7.1,0.3
149,38665,4.140991317,0.657828836,8.9,,,,14.81203008,28,391,8.28,0.016,0.0014,0.0188,0.036,85.18796992,0.119907024,0.066,7.72,0.038,26.55,37.68552733,1.8,0.194,5.3,0.7
153,38665,4.468860814,0.588314642,9.1,,,,13.95608485,26,383,11.22,0.0616,0.003,0.0487,0.024,86.04391515,0.117395805,0.087,7.96,0.038,28.88,44.03665136,1.6,0.229,5.8,0.3
165,38665,5.480638923,4.113275594,9.4,,,,54.8274525,28,367,1.97,0.0171,0.0008,0.0162,0.08,45.1725475,0.36826491,0.38,6.92,0.95,24.05,100,1.8,0.19,7.5,1.5
148,38665,5.768320996,3.43686436,15,,,,91.21352785,54,462,8.46,0.0141,0.0004,0.0168,0.109,8.786472149,1.2,0.34,7.71,3.1,27.88,260,2.3,0.36,4.7,0.9
167,38666,3.851963492,1.009835278,13,,,,44.40179989,37,407,7.6,0.0081,0.0011,0.024,0.122,55.59820011,0.23,0.19,7.47,5.2,26.66,109.8715679,1.7,0.26,6.4,0.2
169,38666,3.879089497,#DIV/0!,12,,,,84.66082317,33,384,6.67,0.0052,0.0012,0.0174,0.046,15.33917683,0.315758433,0.038,7.4,0.014,27.1,170,1.4,0.216,7.2,1.1
143,38666,4.18806087,0.326523581,12,,,,15.40020263,58,484,8.16,0.0115,0.0008,0.027,0.022,84.59979737,0.107184511,0.07,7.78,0.23,26.66,63.51065769,1.7,0.296,4.4,1
158,38666,5.634789603,8.580931601,15,,,,78.45019715,46,486,6.1,0.0146,0.0008,0.0305,0.085,21.54980285,6.736204485,0.36,7.6,5.4,26.66,140,1.6,0.309,4.9,0.5
155,38666,5.135798437,1.838716789,14,,,,21.77881174,49,72,7.66,0.0158,0.0007,0.0101,0.087,78.22118826,0.080591124,0.33,7.75,5.9,26.46,64.65766751,1.9,0.33,5.2,0.5
130,38667,3.98845639,0.355943467,6.5,,,,12.00571701,32,379,8.95,0.0225,0.0011,0.0069,0.02,87.99428299,0.111845074,0.069,7.67,0.062,28.65,29.71713445,2.8,0.688,5.5,1.3
132,38667,4.089347548,0.205168731,6,,,,11.19947849,28,400,3.6,0.0325,0.0014,0.0276,0.021,88.80052151,0.054982171,0.063,7.4,0.21,21.56,37.111713,1.4,0.479,5.1,0.4
138,38667,4.451694845,0.416995339,7.2,,,,11.01442069,29,307,10.83,0.0176,0.0012,0.0409,0.02,88.98557931,0.340514997,0.04,7.88,0.064,28.73,39.61519229,1.2,0.572,4.3,1.7
137,38667,4.467711456,1.688626467,7.4,,,,27.6578737,27,315,9.69,0.0213,0.0015,0.0111,0.034,72.3421263,0.83,0.08,7.33,0.14,26.29,140,1.3,0.58,6.2,1
128,38667,4.787491743,0.137595472,9.9,,,,9.739469199,40,383,5.51,0.0162,0.0012,0.02,0.025,90.2605308,0.070933091,0.073,7.53,0.38,21.65,26.08417471,1.7,0.877,4.6,1.3
157,38667,4.86753445,2.262197033,19,,,,25.0139795,65,586,9.29,0.0162,0.0017,0.028,0.204,74.9860205,0.156370808,0.29,7.61,7.9,26.93,63.69131305,1.4,0.952,5.2,0.8
135,38667,5.192956851,0.285470087,6.2,,,,18.40769436,28,362,8.27,0.0178,0.0016,0.0291,0.029,81.59230564,0.257732984,0.1,7.51,0.36,25.22,68.33488641,1.2,0.52,4.6,1
147,38667,5.192956851,9.388660874,17,,,,65.43720763,68,582,3.36,0.0153,0.0017,0.0115,0.161,34.56279237,1.816188342,0.31,7.24,5.7,24,140,1.6,0.923,6.1,2.6
161,38667,5.247024072,1.455882649,12,,,,67.24787002,26,364,8.81,0.0541,0.0044,0.0252,0.104,32.75212998,1.345087995,0.41,7.65,0.42,27.17,140,1.9,0.679,5.5,2
141,38667,5.669880923,5.597710278,16,,,,84.7487511,53,470,6.32,0.0126,0.0024,0.0199,0.106,15.2512489,1.157452384,0.38,7.37,1.8,25.51,190,2.7,0.898,6.1,1.5
179,38668,1.918318986,#DIV/0!,17,,,,69.73777463,58,611,2.96,0.1405,0.0011,0.0334,0.104,30.26222537,0.334126833,0.13,7.12,11,24.06,100,1.2,0.319,9.3,1
173,38668,3.664341489,#DIV/0!,12,,,,86.74626866,24,321,7.06,0.043,0.0007,0.0234,0.038,13.25373134,0.552715731,0.11,7.66,0.012,25.66,199.77047,1.6,0.193,4.8,0.7
188,38668,4.355116541,1.937417866,13,,,,88.47971642,29,388,6.24,0.0346,0.0006,0.0063,0.106,11.52028358,0.39598742,0.14,7.25,0.16,25.18,220.2051235,1.9,0.256,5.1,2.3
176,38668,4.433753233,1.308460644,16,,,,83.59687228,59,581,6.04,0.0222,0.0015,0.059,0.425,16.40312772,0.463787478,0.26,7.68,2.2,26.44,160,2.2,0.272,5.4,0.4
181,38668,4.529229808,1.669063699,13,,,,95.38989701,20,345,5.36,0.0172,0.0007,0.0188,0.087,4.610102992,0.508907333,0.19,7.29,0.33,24.77,190,1.7,0.24,5.7,0.7
159,38668,4.787491743,1.59336623,20,,,,84.333277,65,642,6.39,0.037,0.0032,0.0287,0.111,15.666723,0.20740096,0.37,7.59,13,26.73,140.1680433,2.3,1.028,5.8,6.46
198,38668,5.135798437,1.476722852,13,,,,64.1580756,22,354,5.97,0.0134,0.0004,0.0084,0.113,35.8419244,0.62,0.39,7.32,1.7,23.94,140,2.2,0.272,14.5,0.6
177,38668,5.298317367,1.775811168,16,,,,52.25583405,53,603,4.31,0.0307,0.0008,0.0188,0.258,47.74416595,0.48,0.34,7.56,2.7,23.75,140,1.9,0.279,4.3,1.4
192,38668,5.393627546,2.09995094,13,,,,86.3123053,26,373,6.7,0.0204,0.0004,0.0039,0.113,13.6876947,0.539785484,0.24,7.26,0.42,25.37,270,2,0.252,6.7,1.7
193,38668,5.438079309,2.205004334,13,,,,89.0232014,24,392,5.1,0.0249,0.0005,0.0054,0.08,10.9767986,0.430692749,0.28,7.11,0.86,24.49,270.4417512,2.6,0.482,3.9,0.5
204,38668,5.768320996,#DIV/0!,14,,,,88.87564561,27,404,1.46,0.0117,0.0006,0.0075,0.113,11.12435439,1.800093918,0.24,6.98,1.7,22.19,140,2,0.25,4.1,0.3
186,38669,4.169325576,#DIV/0!,15,,,,90.04380725,37,454,2.17,0.0517,0.0006,0.0392,0.227,9.956192752,0.172679846,0.48,7.1,2.2,24.2,140,2.6,0.655,5.1,0.7
212,38669,4.391789152,1.100814068,13,,,,81.03349282,25,324,4.74,0.01,0.0008,0.0186,0.277,18.96650718,0.365663489,0.16,7.14,0.89,24.91,160,2.3,0.5799,6.1,0.8
171,38669,4.401753207,1.384211056,21,,,,86.04737922,65,651,4.77,0.0174,0.0031,0.1104,0.261,13.95262078,0.32,0.26,7.11,16,24.35,120,3.7,0.87,3.7,0.3
178,38669,4.588040079,2.133648544,12,,,,88.26284209,33,365,5.11,0.0426,0.0027,0.0702,0.209,11.73715791,0.224589611,0.24,7.04,0.18,25,169.5573655,2.3,0.58,6.7,0.9
197,38669,4.783372569,1.628844515,17,,,,81.43855776,44,553,4.49,0.019,0.0017,0.0056,0.591,18.56144224,0.311231667,0.26,7.69,4,25.64,120,1.6,0.811,5.4,0.3
180,38669,4.86753445,2.167567529,17,,,,79.78667599,67,605,3.66,0.0088,0.0014,0.0142,0.212,20.21332401,0.981714901,0.26,7.3,3.8,22.66,230.4557338,2.3,0.59,4.5,0.5
182,38669,5.010635294,#DIV/0!,19,,,,78.37169488,75,704,4.27,0.0182,0.0012,0.0397,0.088,21.62830512,0.25301077,0.12,7.21,3.7,23.26,160,2.1,0.652,3.9,2
194,38669,5.135798437,1.518879122,12,,,,86.66532177,25,328,2.43,0.0187,0.0014,0.045,0.093,13.33467823,0.378116594,0.1,6.95,0.2,23,230,2.8,1.032,5.9,0.2
199,38669,5.345298811,2.998303108,13,,,,86.94528875,28,356,3.22,0.0232,0.0007,0.0155,0.155,13.05471125,0.312243524,0.31,7.18,1,23.03,230,3.5,0.66,5.7,0.7
189,38669,3.702625083,1.563655111,16,,,,86.816,40,473,2.29,0.0803,0.0008,0.0175,0.419,13.184,0.18,0.49,7.33,4.2,23.77,130,4.2,0.839,6.8,0.8
195,38670,2.602632292,0.54781508,16,,,,88.37591241,45,516,4.54,0.0156,0.0003,0.0133,0.172,11.62408759,0.4,0.19,7.27,6.1,24.93,86.26335758,1.4,0.685,6.5,0.8
226,38670,3.583290394,#DIV/0!,22,,,,18.39804838,69,707,1.26,0.0185,0.0011,0.0096,0.291,81.60195162,0.539194238,0.18,6.98,31,21.78,28.26075871,8.3,0.712,8.2,2.3
220,38670,3.733107424,0.04,24,,,,28.45528455,71,717,3.13,0.0219,0.0015,0.0146,1.03,71.54471545,0.092659672,0.062,7.21,34,23.53,54.08568059,1.6,0.776,9.3,0.3
230,38670,4.183650964,#DIV/0!,16,,,,78.29539439,29,340,3.44,0.0177,0.0008,0.0081,0.097,21.70460561,0.735856822,0.17,7,0.57,23.09,130,4.6,0.614,8.8,0.2
221,38670,4.481325592,4.802963126,19,,,,82.68863833,49,497,5.81,0.0241,0.0006,0.0024,0.211,17.31136167,1.271414598,0.14,7.12,1.9,24.81,96.3899652,2.3,0.649,7.2,0.1
229,38670,4.552762091,4.337755702,19,,,,81.38616558,44,489,3.34,0.0353,0.0034,0.0256,0.132,18.61383442,1.3,0.23,7.31,4.4,23.94,120,2,0.78,9.8,1.3
224,38670,4.559268509,1.530847322,15,,,,85.89347079,37,385,4.14,0.0157,0.0008,0.004,0.128,14.10652921,1.774015558,0.1,7.05,1.2,23.86,190.4667587,2.8,0.6099,11.6,0.6
222,38670,4.787491743,4.222881778,16,,,,51.36831096,33,447,5.79,0.0292,0.0016,0.0254,0.076,48.63168904,1.269986484,0.26,7.3,2,23.65,99.63776716,5.5,0.646,7.8,0.6
223,38670,4.787491743,2.916570786,32,,,,88.82036686,150,1093,3.85,0.0537,0.0031,0.0345,5.7,11.17963314,0.159332162,0.61,7.73,54,24.01,169.726302,6.6,1.1,6.7,0.8
218,38670,4.86753445,#DIV/0!,20,,,,0,61,633,4.28,0.0167,0.0031,0.0385,0.258,100,0.415483117,0.19,7.21,14,24.46,94.18702632,2.2,0.73,7.6,0.3
214,38670,5.192956851,0.861986748,14,,,,82.89187228,31,442,3.78,0.0305,0.0011,0.0199,0.154,17.10812772,0.750374965,0.14,6.79,2.1,23.79,150,1.7,0.634,6,1.4
213,38670,5.298317367,1.127516214,14,,,,74.07584449,29,425,6.63,0.0234,0.0009,0.0128,0.191,25.92415551,0.685176776,0.15,7.3,1.5,25.07,120,1.6,0.637,6.2,0.5
242,38671,3.155124563,#DIV/0!,19,,,,96.23798475,18,107,4.78,0.0378,0.0023,0.0348,0.052,3.762015247,2.678162539,0.13,5.71,0.031,24.23,190,3.6,0.602,8.8,2.5
225,38671,4.081892267,#DIV/0!,29,,,,87.8592186,120,903,5.22,0.0214,0.0021,0.0299,4.425,12.1407814,0.075405398,0.39,7.82,36,24.09,300,2,1.1,10.4,0.8
206,38671,4.210421725,1.742052249,18,,,,20.58014504,52,444,7.96,0.0297,0.0018,0.0122,1.09,79.41985496,0.17,0.26,7.88,5.9,25.87,100,3,0.981,8.1,0.6
208,38671,4.236371304,#DIV/0!,19,,,,85.37709755,59,465,6.51,0.0414,0.0016,0.0099,0.263,14.62290245,0.201410662,0.38,7.2,7.1,25.2,150,2.3,1,7.8,0.9
237,38671,4.380261732,#DIV/0!,16,,,,93.60707728,29,218,5.19,0.0347,0.0017,0.0318,0.339,6.392922717,3.450104539,0.65,6.44,1.2,25.42,160.3466637,3.1,0.53,11.3,0.8
244,38671,4.480564833,#DIV/0!,17,,,,93.39403332,20,129,1.82,0.1228,0.0051,0.0684,0.091,6.60596668,11.82087589,0.22,5.81,0.3,22.48,140,4.6,0.905,12.2,2.1
240,38671,4.576864992,#DIV/0!,15,,,,94.46315789,20,136,1.09,0.0137,0.0013,0.0032,0.092,5.536842105,6.545542944,0.57,6.27,0.23,22.86,150,3.9,0.572,9.9,0.6
217,38671,4.577564425,#DIV/0!,16,,,,84.50250537,40,432,4.84,0.0176,0.0005,0.004,0.117,15.49749463,1.416132856,0.11,7.08,1.1,24.5,140,1.4,0.629,7.7,0.4
227,38671,4.787491743,4.622491524,36,,,,88.0198915,150,1245,4.04,0.0277,0.004,0.0421,8.77,11.9801085,2.156007455,0.9,7.71,88,24.97,350,7.4,1.14,8.9,1.1
238,38671,4.941642423,2.752985905,41,,,,83.81351493,170,1400,4.11,0.0394,0.0022,0.0429,10.8,16.18648507,0.7,1.5,7.17,90,24.89,240,4.1,1.26,9.4,3.3
234,38671,2.341093992,0.534272783,45,,,,85.20710059,170,1423,2.85,0.0592,0.004,0.0297,5.37,14.79289941,0.534299448,0.18,7.47,98,24.44,130,2.7,1.59,12.9,0.6
236,38671,1.568615918,#DIV/0!,36,,,,84.88390713,260,1399,1.72,0.0243,0.0054,0.0324,8.35,15.11609287,0.141357594,0.26,7.33,12,23.17,110,4.3,1.05,42.2,2.6
210,38672,2.066820555,0.155519112,22,,,,78.2046546,73,682,3.25,0.0322,0.0014,0.0118,1,21.7953454,0.16363487,0.12,7.18,14,23.94,120.1291948,1.6,0.722,8,1.7
245,38672,4.43498117,#DIV/0!,19,,,,94.39946019,24,146,4.78,0.0868,0.0033,0.0252,0.189,5.600539811,2.252641257,0.39,6.47,0.31,26.81,239.8644478,3.5,1.052,7.9,4.8
233,38672,4.700480366,1.499442419,42,,,,79.65353261,200,1362,4.68,0.0523,0.0077,0.0351,7.62,20.34646739,0.921270071,1.1,7.68,90.7,24.37,230,4.7,1.2,6.4,0.6
207,38672,5.135496499,2.948570927,12,,,,72.52747253,27,327,2.63,0.0471,0.0039,0.0589,0.127,27.47252747,0.671110641,0.18,6.74,1.1,24.19,180,2.2,0.742,5.7,1.4
239,38672,3.748408839,#DIV/0!,16,,,,94.53100654,20,126,2.42,0.0974,0.0025,0.0405,0.073,5.468993456,0.95271908,0.2,6.01,0.16,23.82,250,4.3,1.25,9,7.5
231,38672,3.55988486,#DIV/0!,28,,,,89.57760155,110,765,3.5,0.0305,0.004,0.0409,2.37,10.42239845,1.307665609,0.98,7.29,22,23.46,180,3.6,0.827,17.3,2.2
228,38672,5.010635294,#DIV/0!,25,,,,76.69620805,80,760,3.42,0.0442,0.0014,0.0256,0.174,23.30379195,1.833276114,0.53,7.18,32,23.97,140,2.7,0.864,8.5,1.7
249,38672,4.503506653,#DIV/0!,19,,,,88.83415435,30,236,2.7,0.0185,0.0034,0.0222,0.239,11.16584565,0.741690681,0.51,6.81,0.65,23.62,220,5,0.41,8.5,3.7
175,38673,2.87170154,2.526591303,11,,,,90.50330639,24,334,4.56,0.1376,0.0005,0.0396,0.045,9.496693608,0.543767088,0.099,7.36,0.048,26.93,260.4722108,1.6,0.26,14.4,0.5
185,38673,4.284389716,4.231119995,13,,,,89.46417821,29,350,4.49,0.0484,0.0006,0.0282,0.12,10.53582179,1,0.23,7.32,0.2,25.77,220,2.5,0.24,16.9,1.2
215,38673,4.579810874,1.467428916,16,,,,67.91859696,34,501,4.29,0.0467,0.0005,0.0498,0.252,32.08140304,0.941674878,0.17,7.34,2.1,24.17,100,1.8,0.33,17.8,0.2
183,38673,4.700480366,3.07432825,15,,,,88.76163207,22,390,4.21,0.0284,0.0004,0.0406,0.106,11.23836793,1.429979361,0.33,6.91,0.87,25.24,280,3,0.3,19.9,1.2
184,38673,4.700480366,#DIV/0!,14,,,,89.92776886,23,397,3.89,0.0526,0.0016,0.0459,0.087,10.07223114,0.870276526,0.35,6.84,0.33,24.84,220,1.8,0.3,15.3,1.1
187,38673,4.787491743,1.948008562,14,,,,88.44621514,28,360,2.94,0.0174,0.0006,0.0352,0.069,11.55378486,0.84,0.15,7.2,0.086,24.71,290,1.4,0.22,13.8,0.9
202,38673,5.560681631,3.487396572,13,,,,88.53609009,25,382,3.01,0.0444,0.0022,0.0424,0.084,11.46390991,1.15572947,0.53,7.08,2.5,22.85,220,2.6,0.2,15.5,0.9
211,38673,4.940706369,3.430362642,24,,,,78.61014324,79,747,4.1,0.0294,0.0016,0.0379,0.283,21.38985676,0.975145611,0.38,7.37,34,23.77,150,3.8,0.49,20.5,0.1
172,38673,4.384920077,1.661792193,11,,,,35.50654721,16,323,5.75,0.0263,0.0011,0.0196,0.153,64.49345279,0.09817849,0.11,6.77,0.019,26.84,91.68470791,1.9,0.34,12.2,1.8
205,38673,2.971627014,#DIV/0!,18,,,,81.86919165,47,510,1.17,0.0369,0.0003,0.002,0.513,18.13080835,0.111633329,0.28,7.12,6.9,24.18,110,1.8,0.38,18.6,0.7
174,38674,3.978427136,0.452294605,14,,,,89.48217165,44,543,6.96,0.0247,0.0004,0.0059,0.077,10.51782835,0.667368728,0.074,7.36,0.042,26.77,290,1.6,0.3,16.5,0.7
156,38674,4.183072273,1.649721396,14,,,,48.65976457,54,494,3.76,0.0373,0.0029,0.015,0.054,51.34023543,0.527005994,0.14,7.07,0.69,24.6,160,2.1,0.29,6.3,0.5
253,38674,4.605170186,0.601442603,6.9,,,,22.95141407,43,401,9.53,0.0181,0.0003,0.0144,0.029,77.04858593,0.409305651,0.12,7.94,0.21,24.8,76.53595896,3.6,0.319,13.1,0.9
252,38674,4.389670962,3.97315284,15,,,,63.48289649,58,542,4.1,0.0349,0.0009,0.0295,0.13,36.51710351,0.600710417,0.3,7.33,3.6,23.66,210,2.6,0.32,18.6,2
150,38674,4.341584952,0.439983939,18,,,,30.99033185,70,537,7.51,0.0338,0.001,0.0524,0.027,69.00966815,0.613809576,0.14,7.69,2.9,24.54,110.4566474,1.6,0.43,18.2,0
131,38674,3.17805383,0.17250236,4.6,,,,18.66761667,25,375,6.69,0.0207,0.0006,0.0178,0.027,81.33238333,0.368370925,0.091,7.71,0.029,23.15,48.89231445,1.7,0.15,14.9,1.2
251,38674,5.560681631,1.805828535,19,,,,66.87147977,72,620,7.06,0.024,0.0008,0.0575,0.117,33.12852023,0.699637044,0.28,7.52,6.7,24.63,210,2.2,0.35,19.8,0.5
146,38674,4.941642423,3.010258988,20,,,,69.96631737,66,604,6.61,0.0218,0.001,0.0124,0.071,30.03368263,0.508044551,0.27,7.48,4.8,24.71,140,3.3,0.36,20.3,0.5
255,38674,4.409257436,0.656041168,7.9,,,,11.04216098,42,510,3.9,0.0183,0.0005,0.0555,0.055,88.95783902,0.418372364,0.1,7.5,1.6,23.91,17.21504167,1.4,0.384,15.1,0.5
374,38675,3.903245235,#DIV/0!,18,,,,93.951018,31,157,7.44,0.0148,0.0015,0.0119,0.039,6.048982001,1.76924667,0.15,7.03,0.054,24.92,180,2.4,0.35,8.1,11.1
258,38675,4.385409052,0.277032968,9.8,,,,24.28133836,55,482,4.26,0.0252,0.0006,0.0208,0.023,75.71866164,0.637568573,0.085,7.51,0.13,22.6,100,2.1,0.71,6.1,2.8
368,38675,4.595329623,#DIV/0!,20,,,,93.50410179,21,135,5.25,0.022,0.0012,0.0322,0.145,6.495898209,0.773939551,0.35,7.12,0.32,22.92,230,4,0.8707,7.3,1.4
162,38675,5.075173815,2.435913955,11,,,,50.9117792,26,365,7.91,0.8054,0.0071,0.0311,0.08,49.0882208,0.786294798,0.19,7.77,0.058,24.85,160,1.8,0.92,5.5,1.6
254,38675,5.135798437,5.144990556,16,,,,0,57,523,5.22,0.0248,0.0015,0.0477,0.153,100,1.26418707,0.22,7.62,2.6,23.12,189.8819822,2.4,0.8297,6.6,1
367,38675,4.454149821,#DIV/0!,23,,,,89.67040435,57,330,1.37,0.0227,0.0018,0.0198,2.1,10.32959565,0.46,2.8,6.53,5,21.87,230,5.3,0.842,9.5,1
256,38676,3.723948911,#DIV/0!,20,,,,70.41984733,62,595,3.52,0.0325,0.0033,0.0602,0.334,29.58015267,1.534957952,0.19,7.43,16,24.75,180,3,0.904,12.3,0.5
145,38676,4.700480366,1.250496662,12,,,,36.82201368,50,472,5.07,0.0251,0.0004,0.0092,0.15,63.17798632,1.031393808,0.08,7.62,0.87,24.23,100,3,0.361,5.4,0.3
489,38676,4.700480366,#DIV/0!,24,,,,90.59026147,88,626,2.92,0.0329,0.0016,0.0035,9.025,9.409738531,0.150041166,0.74,6.73,23,25.49,160,6,0.662,10.5,12.2
488,38676,2.232484451,#DIV/0!,33,,,,56.15622767,120,945,3.21,0.0541,0.0095,0.0997,0.349,43.84377233,0.582620381,0.2,7.09,53,23.54,120,2.3,0.874,94.8,8.7
204,41886,3.218875825,2.2,,11,,12,81,37,341,8.21,0.013,0.0013,0.011,0.024765715,19,0.25,0.06,7.78,0.05,30.86,53,0.96,0.56,6.5,0.4
201,41886,3.871201011,0.24,,8.8,,9.6,88,66,477,6.12,0.013,0.001,0.0038,0.024765715,12,0.12,0.065,7.46,0.44,29.02,19,0.81,0.42,4.9,0.3
30,41886,3.891820298,1.2,,10,,9.4,81,36,399,10.48,0.012,0.0011,0.0038,0.024765715,19,1.4,0.06,7.66,0.022,30.25,49,1.3,0.43,6.2,0.4
221,41887,2.48490665,0.2,,12,,12,80,25,335,6.97,0.03,0.001,0.0081,0.032661308,20,0.12,0.066,7.78,0.026,32.93,52,1.4,0.61,6.1,0.1
42,41887,2.63905733,0.89,,11,,11,82,40,447,3.76,0.013,0.0006,0.0068,0.027469115,18,0.3,0.094,7.26,0.024,27.67,75,0.65,0.47,5,0.8
27,41887,3.044522438,0.28,,14,,13,90,45,378,10.53,0.015,0.0005,0.0016,0.030097611,10,0.24,0.11,8.17,0.022,34.3,42,1,0.76,6.2,0.3
34,41887,3.091042453,#DIV/0!,,20,,18,35,51,471,5.28,0.044,0.0012,0.0023,0.055923147,65,0.67,0.14,7.21,0.2,31.24,150,1,0.95,5.6,9
31,41887,3.135494216,0.75,,15,,14,87,42,369,5,0.028,0.0006,0.0047,0.024765715,13,0.58,0.098,7.71,0.18,29.4,40,0.76,0.71,3.4,1.1
205,41888,3.17805383,0.39,,13,,13,85,19,308,7.16,0.0083,0.0004,0.0002,0.032661308,15,0.47,0.1,7.64,0.024,30.24,52,1.4,0.4,5.5,0.2
219,41888,3.33220451,0.38,,12,,13,69,27,359,9.47,0.0074,0.0004,0.0009,0.037624208,31,0.24,0.06,7.85,0.027,31.56,86,1.7,0.46,5.7,0.2
35,41888,3.433987204,0.53,,12,,13,66,50,518,1.85,0.096,0.0008,0.0068,0.030097611,34,0.99,0.11,7.21,0.033,26.96,160,1.3,0.52,5.2,0.6
41,41888,4.007333185,0.68,,22,,21,57,59,451,8.29,0.018,0.0005,0.0007,0.032661308,43,0.39,0.15,7.8,0.095,30.04,160,1,0.93,4.6,1.9
208,41888,4.025351691,0.093,,16,,17,81,53,460,4.43,0.035,0.0007,0.0062,0.030097611,19,0.27,0.15,7.44,0.077,27.55,68,1.7,0.53,7.1,2.1
217,41889,1.589235205,0.26,,20,,20,72,54,396,9.13,0.01,0.0009,0.0041,0.032661308,28,0.63,0.25,8.25,2.7,30.3,70,2.7,0.95,4.5,0.4
213,41889,2.63905733,#DIV/0!,,18,,19,13,36,387,3.02,0.014,0.001,0.0007,0.035168077,87,2,0.16,7.15,0.3,28.52,220,1.1,0.71,7.1,1.7
38,41889,2.944438979,#DIV/0!,,21,,19,33,43,449,0.65,0.046,0.001,0.0005,0.146172455,67,1.5,0.48,6.9,0.39,27.78,140,2.4,0.83,12,0.5
22,41889,3.33220451,0.32,,17,,16,88,43,349,9.01,0.01,0.0015,0.0081,0.032661308,12,0.12,0.2,8.21,1.5,30.7,42,1.3,0.78,5.3,0.4
209,41889,3.871201011,1.2,,11,,11,51,12,301,1.87,0.0094,0.0006,0.0003,0.030097611,49,1.7,0.14,7.13,0.092,28.71,120,0.97,0.47,6.4,0.3
40,41890,3.135494216,0.29,,12,,12,93,14,336,6.06,0.0086,0.0007,0.0059,0.030097611,7,0.47,0.12,7.5,0.057,27.38,38,0.63,0.51,5.9,0.1
28,41890,3.33220451,0.12,,13,,13,80,34,399,10.32,0.0088,0.0011,0.011,0.024765715,20,0.12,0.06,7.73,0.25,31.51,81,1,0.64,9.5,0.4
203,41890,3.465735903,0.46,,21,,21,79,61,457,8.97,0.013,0.0009,0.0021,0.030097611,21,0.3,0.12,8.03,0.11,33.92,95,1.7,0.9,5.4,0.2
214,41890,3.80666249,#DIV/0!,,29,,28,22,89,655,10.24,0.013,0.0014,0.0001,0.741972783,78,5.2,0.02,7.91,7.3,33.06,220,1.7,1.1,7.3,0.3
29,41890,4.127134385,#DIV/0!,,28,,28,50,86,618,2.89,0.029,0.0017,0.0033,0.221649705,50,2.5,0.33,7.28,3.8,26.95,120,1.8,1.1,14,0.6
220,41890,4.304065093,1.6,,19,,18,22,61,449,5.94,0.012,0.0014,0.014,0.032661308,78,4.4,0.33,7.23,2.8,29.63,160,1.3,0.8,5.7,1.6
207,41891,2.772588722,#DIV/0!,,26,,24,81,78,598,1.23,0.016,0.0011,0.0004,0.053741301,19,1.2,0.45,7.21,0.49,27.04,72,1.3,0.95,8.6,2
104,41891,2.944438979,#DIV/0!,,17,,17,11,20,286,1.61,0.014,0.0009,0.0004,0.080530565,89,0.76,0.06,6.8,0.022,27.45,250,1,0.73,4.1,0.3
116,41891,2.995732274,#DIV/0!,,16,,15,11,27,322,6.6,0.0085,0.0009,0.013,0.182726225,89,1.4,0.06,7.26,0.022,30.92,170,0.91,0.57,5.8,12.6
112,41891,3.091042453,#DIV/0!,,18,,18,15,14,261,3.47,0.013,0.0011,0.013,0.053741301,85,0.78,0.097,6.8,0.022,28.93,200,1.3,0.72,5.1,0.4
96,41891,3.135494216,#DIV/0!,,17,,17,10,13,252,2.21,0.019,0.0013,0.0029,0.032661308,90,2.2,0.18,6.87,0.022,28.06,200,1.2,0.66,6,3.7
100,41891,3.663561646,#DIV/0!,,16,,17,65,40,428,6.18,0.1,0.0012,0.0007,0.035168077,35,0.68,0.1,7.67,0.026,30.61,92,1.2,0.72,6.2,10.3
253,41891,3.828641396,#DIV/0!,,25,,24,14,72,598,3.38,0.0094,0.0012,0.0019,0.082476334,86,3.3,0.69,7.17,5.3,26.94,150,2.5,0.89,8.9,1
268,41891,3.951243719,#DIV/0!,,17,,15,11,30,383,6.73,0.019,0.0013,0.0001,0.024765715,89,1.2,0.24,7.59,0.065,31.66,240,1.1,0.63,5.1,0.9
206,41891,4.276666119,3,,23,,22,65,64,561,7.62,0.0083,0.0012,0.002,0.074608974,35,0.46,0.2,7.26,13,31.07,93,1.2,0.8,8,1
218,41891,4.605170186,2.6,,22,,21,19,61,492,9.37,0.017,0.0024,0.014,0.024765715,81,1.6,0.4,8.05,9.1,33.47,190,2,0.86,4.8,0.7
250,41892,2.564949357,#DIV/0!,,26,,23,40,80,703,1.04,0.21,0.0019,0.005,0.18580075,60,1.9,0.14,7.05,3.4,24,94,0.71,0.88,10,0.4
108,41892,2.890371758,#DIV/0!,,14,,13,12,18,286,7.09,0.012,0.0012,0.0021,0.08440893,88,1,0.17,7.54,0.022,29.24,180,1.2,0.51,4.8,1.3
97,41892,3.091042453,#DIV/0!,,20,,18,10,40,425,1.01,0.016,0.0018,0.0014,0.142874407,90,2.6,0.17,7.13,0.75,27.64,140,0.96,0.73,7.5,0.5
113,41892,4.234106505,0.39,,23,,23,61,62,571,2.7,0.027,0.0015,0.0024,0.024765715,39,0.27,0.24,7.44,0.86,27.93,87,1.3,0.7,5.2,1
267,41892,4.304065093,0.55,,24,,23,63,74,606,5.98,0.013,0.0017,0.0027,0.042404203,37,0.04,0.34,7.6,7.2,30.57,140,1.2,0.8,7,0.4
252,41892,4.787491743,#DIV/0!,,22,,21,39,71,583,5.81,0.0084,0.0013,0.001,0.035168077,61,1.1,0.2,7.57,0.32,30.91,170,0.96,0.7,6.1,0.5
37,41892,5.247024072,#DIV/0!,,31,,27,13,79,604,2.46,0.022,0.0022,0.0012,0.037624208,87,1.4,0.4,7.3,4.8,28.37,200,1.5,1.1,7,0.4
244,41893,2.48490665,#DIV/0!,,15,,15,50,19,291,2.55,0.029,0.0008,0.0003,0.064420694,50,0.42,0.096,7.22,0.022,28.18,130,0.84,0.59,4.4,0.6
246,41893,3.36729583,0.81,,18,,18,8.6,23,312,2.62,0.013,0.0011,0.0013,0.032661308,91.4,3,0.13,7.02,0.027,28.88,180,1.6,0.6,5,4.1
264,41893,3.401197382,0.61,,20,,21,57,58,553,4.89,0.027,0.0012,0.0011,0.214327633,43,0.13,0.099,7.44,4,29.37,97,1.5,0.77,4.1,1.3
260,41893,3.465735903,#DIV/0!,,17,,18,14,20,309,4.61,0.011,0.001,0.013,0.273884774,86,0.49,0.13,7.35,0.11,29.13,220,1.6,0.57,4.2,1.1
270,41893,3.583518938,0.71,,17,,18,12,26,328,5.29,0.0093,0.0011,0.0009,0.035168077,88,1.2,0.06,7.27,0.022,30.48,200,1.4,0.65,3.5,0.1
248,41893,3.912023005,0.48,,15,,16,21,35,378,6.43,0.01,0.0011,0.0011,0.037624208,79,0.36,0.061,7.57,0.088,29.7,210,1.6,0.61,6.1,0.7
263,41893,3.931825633,#DIV/0!,,20,,21,19,62,535,4.37,0.014,0.0012,0.0015,0.032661308,81,0.16,0.06,7.39,0.31,28.48,200,1.5,0.75,4.5,0.3
94,41893,4.094344562,#DIV/0!,,16,,17,12,18,294,2.43,0.0074,0.001,0.0004,0.030097611,88,3.4,0.18,7,0.022,29.15,180,1.8,0.58,4.6,6.4
249,41893,4.86753445,#DIV/0!,,15,,15,79,19,342,3.16,0.02,0.0009,0.0001,0.047033003,21,0.12,0.06,7.32,0.022,28.55,66,0.78,0.6,3.9,11.2
92,41895,2.397895273,1,,15,,16,10,19,277,2.18,0.016,0.0012,0.0013,0.027469115,90,1.8,0.06,7.02,0.022,25.89,210,1.3,0.56,5.7,0.6
107,41895,3.988984047,#DIV/0!,,20,,21,13,55,476,1.45,0.02,0.0023,0.014,0.782772088,87,2.4,0.18,7.14,9.7,27.54,85,2.4,0.76,8.8,0.8
257,41895,3.988984047,#DIV/0!,,19,,19,13,33,368,1.64,0.016,0.0012,0.0013,0.053741301,87,0.34,0.064,7.07,0.44,26.98,110,2.2,0.66,5.6,0.4
95,41895,4.077537444,#DIV/0!,,25,,26,12,69,598,3.01,0.015,0.002,0.0004,0.035168077,88,1.4,0.08,7.2,8.3,25.17,160,2.8,0.73,6.6,0.4
259,41895,4.219507705,0.38,,18,,19,19,46,445,6.94,0.023,0.0012,0.0021,0.076597447,81,0.12,0.06,7.74,2,30.31,120,1.2,0.79,4.8,1
265,41895,4.442651256,2.2,,21,,21,35,36,360,8.99,0.02,0.0014,0.0019,0.037624208,65,0.77,0.02,7.96,0.79,30.51,150,2,0.88,4.3,0
110,41895,4.532599493,1.1,,19,,18,10,30,358,1.9,0.017,0.0013,0.0001,0.053741301,90,5.3,0.091,7.1,0.25,26.38,160,1.3,0.63,4.9,0.1
245,41895,4.605170186,#DIV/0!,,19,,21,13,24,343,4.84,0.011,0.0015,0.0007,0.037624208,87,2.9,0.082,7.25,0.73,28.44,260,2.4,0.67,4.8,0.5
111,41895,4.787491743,#DIV/0!,,21,,21,20,50,474,3.61,0.01,0.0014,0.0005,0.103101431,80,0.34,0.074,7.29,0.55,25.47,130,1.9,0.55,4.8,0
106,41896,3.258096538,#DIV/0!,,21,,21,16,23,385,2.79,0.012,0.0011,0.0005,0.032661308,84,4.4,0.06,7.2,0.23,26.18,230,2.6,0.61,12,2
261,41896,3.496507561,#DIV/0!,,21,,21,12,46,458,1.32,0.011,0.0013,0.0005,0.772630987,88,1.7,0.12,7.22,2.5,26.3,140,1.6,0.64,10,2.2
256,41896,3.526360525,1.1,,24,,24,17,42,395,7.75,0.02,0.0016,0.0062,0.024765715,83,1.4,0.15,7.81,0.4,32.51,250,2,0.98,7.7,0.2
115,41896,3.583518938,#DIV/0!,,30,,32,20,87,680,2.77,0.013,0.0017,0.0012,0.134530563,80,3.3,0.078,7.28,14,28.24,160,1.8,1.1,15,0.4
119,41896,3.970291914,#DIV/0!,,18,,17,11,33,358,2.08,0.01,0.0012,0.0003,0.042404203,89,3.2,0.061,7.09,1.9,27.42,130,1.7,0.53,8.5,1.5
99,41896,4.430816799,#DIV/0!,,17,,17,13,25,331,1.5,0.0073,0.0011,0.0006,0.032661308,87,6.5,0.13,7.18,0.55,25.65,170,1.8,0.47,9.3,0.5
118,41897,3.555348061,0.22,,18,,19,12,14,283,3.69,0.023,0.0016,0.0033,0.030097611,88,0.92,0.06,7.32,0.23,27.88,200,2.1,0.65,10,0.2
102,41897,3.583518938,#DIV/0!,,17,,19,77,37,414,5.85,0.011,0.0011,0.0011,0.129452107,23,1.8,0.4,7.35,6.1,30.44,37,1.7,0.56,8.2,1
109,41897,3.713572067,#DIV/0!,,19,,20,87,31,269,3.75,0.0097,0.0015,0.0002,0.11736918,13,0.32,0.06,7.12,0.12,27.76,41,1.6,0.64,34,0.7
93,41897,3.737669618,#DIV/0!,,15,,15,25,34,320,9.32,0.008,0.001,0.0013,0.027469115,75,3.4,0.06,7.82,0.39,32.58,120,1.5,0.48,10,0.3
103,41897,3.80666249,#DIV/0!,,14,,14,20,33,315,4.89,0.0076,0.001,0.0006,0.032661308,80,3.5,0.073,7.15,1.3,30.31,120,2.6,0.49,7.8,1.3
254,41897,4.700480366,#DIV/0!,,15,,16,28,33,350,8.54,0.0081,0.0011,0.0006,0.032661308,72,1.1,0.06,7.69,0.24,33.36,130,1.5,0.59,7.5,0.9
255,41897,5.598421959,#DIV/0!,,18,,18,16,22,274,2.42,0.0093,0.0014,0.0003,0.115614176,84,1.2,0.082,7.01,2.1,28.14,170,2.4,0.62,6.2,1.4
262,41898,2.564949357,0.12,,15,,17,24,32,396,4.04,0.0082,0.0011,0.0012,0.04929812,76,6.5,0.06,7.24,4.3,29.4,260,2.1,0.53,9.6,0.1
114,41898,2.944438979,#DIV/0!,,17,,16,30,31,376,2.01,0.0066,0.0013,0.0002,0.040034831,70,0.65,0.06,7.05,6.6,30.05,170,2.1,0.47,13,1.8
269,41898,3.091042453,#DIV/0!,,17,,18,54,46,461,2.33,0.014,0.0014,0.0009,0.537951672,46,0.5,0.084,7.18,13,29.62,100,1.7,0.6,11,0
247,41898,3.526360525,8.5,,17,,17,14,27,324,6.9,0.016,0.0016,0.0015,0.042404203,86,0.47,0.077,7.4,3,33.47,250,2.7,0.57,14,1.9
258,41898,3.663561646,#DIV/0!,,20,,20,19,47,432,3.61,0.022,0.0015,0.0019,0.035168077,81,0.36,0.096,7.36,4.9,29.83,250,1.8,0.74,17,0.7
271,41898,3.713572067,#DIV/0!,,19,,18,26,40,397,3.82,0.052,0.0011,0.0005,0.142874407,74,0.88,0.074,7.48,2.3,29.16,240,2.3,0.7,8.1,1.2
157,41899,2.48490665,#DIV/0!,,20,,22,11,70,493,3.53,0.0076,0.001,0.0003,0.134530563,89,1.6,0.62,7.19,17,29.14,220,3.1,0.76,9.3,0.5
161,41899,2.63905733,#DIV/0!,,18,,18,73,46,398,6.14,0.025,0.001,0.0028,0.41764845,27,0.29,0.19,7.78,5.1,30.06,200,1.6,0.84,6.6,0.4
251,41899,2.63905733,#DIV/0!,,19,,19,21,26,315,2.18,0.013,0.0012,0.0007,0.030097611,79,0.75,0.25,7.2,0.89,27.85,120,2.4,0.81,12,0.4
305,41899,2.63905733,#DIV/0!,,21,,22,13,65,584,1.89,0.065,0.0012,0.0004,0.093889868,87,0.66,0.4,6.9,5.3,27.21,170,3.5,0.7,14,3.5
266,41899,2.708050201,#DIV/0!,,15,,16,17,12,208,7.17,0.0077,0.0013,0.013,0.032661308,83,2.3,0.15,6.87,0.22,30.2,140,1.4,0.63,14,0
105,41899,3.17805383,#DIV/0!,,21,,21,16,23,165,2.25,0.024,0.0014,0.0042,0.027469115,84,2.1,0.11,7.08,0.82,28.81,120,2.2,0.85,18,0.2
158,41899,3.218875825,#DIV/0!,,25,,25,14,83,669,5.2,0.016,0.0017,0.009,0.072605068,86,0.39,0.067,7.51,33,30.15,190,1.4,0.85,7.9,0.1
303,41900,2.833213344,#DIV/0!,,25,,25,12,88,630,5.8,0.02,0.0014,0.0008,0.552559332,88,0.97,0.078,7.76,27,30.24,240,1.8,1.1,7.4,0.8
155,41900,3.218875825,1.2,,32,,30,15,96,780,5.31,0.017,0.0016,0.0006,0.032661308,85,0.46,0.18,7.53,46,31.63,220,1.9,1.2,7.7,0
299,41900,3.295836866,#DIV/0!,,26,,26,15,95,746,3.48,0.0068,0.0012,0.013,0.030097611,85,1,0.12,7.25,40,29.28,230,0.97,1,7.3,0.1
302,41900,3.401197382,#DIV/0!,,20,,19,70,53,435,3.6,0.035,0.0013,0.006,0.124315412,30,0.14,0.16,7.4,5.9,28.5,100,1.4,0.98,5.5,0.7
301,41900,3.663561646,#DIV/0!,,25,,24,20,82,682,4.85,0.01,0.0015,0.0014,0.218729387,80,0.12,0.16,7.53,37,31.27,170,1.3,1,7.1,0.3
156,41900,4.605170186,#DIV/0!,,25,,27,20,98,773,5.72,0.011,0.0015,0.0013,0.030097611,80,0.22,0.09,7.45,40,31.22,200,1.6,1,7.4,0.3
182,41901,2.219203484,#DIV/0!,,12,,12,10,12,91,2.3,0.0063,0.0012,0.002,0.04929812,90,0.63,0.46,6.09,1.4,26.97,220,2.8,0.42,6.9,1.7
313,41901,2.63905733,#DIV/0!,,15,,14,3.4,8.2,55,2.34,0.0098,0.0013,0.0006,0.062328233,96.6,0.51,0.081,6.05,0.022,27.75,170,2.7,0.48,7.1,2.5
312,41901,3.258096538,#DIV/0!,,16,,13,5.5,12,90,4.58,0.004,0.0013,0.0002,0.064420694,94.5,0.57,0.4,6.41,0.12,28.73,130,2.1,0.36,5.3,2.5
311,41901,3.496507561,#DIV/0!,,13,,13,6,11,70,1.73,0.007,0.0012,0.0003,0.030097611,94,1.7,0.06,5.99,0.022,27.01,170,2.3,0.46,6.6,1.2
177,41901,3.988984047,#DIV/0!,,18,,19,3.3,7,48,4.66,0.011,0.0026,0.013,0.047033003,96.7,4.4,0.062,5.84,0.022,28.81,150,3.3,0.43,8.4,1.7
178,41901,3.988984047,#DIV/0!,,12,,13,5.3,13,75,4.28,0.0057,0.0011,0.0007,0.155941327,94.7,4.2,0.062,6.3,0.022,28.91,240,1.9,0.53,7.2,2
316,41901,4.59511985,#DIV/0!,,13,,12,70,12,72,5.68,0.0071,0.001,0.0004,0.037624208,30,2.4,0.19,6.2,0.022,29.52,180,1.9,0.56,4.9,3.6
176,41902,3.17805383,#DIV/0!,,24,,24,7.1,20,104,2.52,0.013,0.0014,0.013,0.032661308,92.9,0.98,0.16,6.02,0.022,27.21,140,2.9,1,7.9,2.1
315,41902,3.17805383,#DIV/0!,,12,,16,7.4,13,72,4.96,0.012,0.0016,0.0001,0.042404203,92.6,0.73,0.1,6.11,0.022,28.7,200,2.5,0.64,8.5,2.1
180,41902,3.218875825,#DIV/0!,,20,,20,7.6,20,102,3.76,0.019,0.0016,0.0006,0.044735908,92.4,1.3,0.18,6.01,0.022,27.77,190,2.3,1.1,8,3.3
314,41902,3.555348061,#DIV/0!,,15,,15,5.7,12,77,0.87,0.022,0.0017,0.0003,0.024765715,94.3,0.31,0.088,6.32,0.022,29.72,230,2.5,0.74,5.7,2.9
181,41902,3.688879454,#DIV/0!,,11,,11,6.4,13,102,0.86,0.014,0.0011,0.013,0.042404203,93.6,0.69,0.42,6.27,0.23,27.17,210,1.6,0.43,12,1.1
