"","ln_Hg_fish","DOC","soil_drywt","sulfide","sulfate","MeHg_soil","MeHg_water","Hg_soil","MeHg_peri","TN","TP"
"1",5.776714639,3.04879899449068,4.50602565544758,-2.17155683058764,-0.713349887877465,-1.04982212449868,0.139761942375159,4.23410650459726,1.54329810992956,0.651066060340191,2.67683469394929
"2",4.545169757,2.90306858869057,4.12424350078548,-3.81671282562382,-1.83258146374831,-1.42711635564015,-1.30563645810244,4.86753445045558,1.12492959698548,0.646887511984197,2.25633170847658
"3",5.434739699,3.12368563786445,4.27281352674806,-2.61729583783375,2.2082744135228,0.615185639090233,-2.67655153404284,4.78749174278205,NA,0.499453809083226,2.06749547066144
"4",5.195352185,3.47985451448543,4.22310847930679,-1.46967597005894,0.262364264467491,0.153102130291282,-0.41703174447963,4.9416424226093,1.02160800671711,0.983898537934021,2.88407419201111
"5",5.220161909,3.02237420450041,3.49502695075169,-1.98777435315401,-1.13943428318836,-3.91202300542815,-0.867500567704723,3.98898404656427,1.41827740697294,0.730133668921534,2.66826933109037
"6",5.598488035,3.66022274486413,4.4551118527429,-2.31263542884755,-1.13943428318836,-0.835353808745842,0.871293365943419,5.07517381523383,0.550584557437235,0.836117449009383,2.4558210688929
"7",4.561960071,3.0793838460496,4.55315952909442,-3.35240721749272,-2.81341071676004,-1.18744350237473,-2.7646205525906,5.29831736654804,-0.0976128288670004,0.267163498927252,2.2266754988937
"8",5.033277025,3.7374314946961,4.41669976360726,-2.31263542884755,0.405465108108164,0.792992515529661,-1.14570389620196,4.70048036579242,-0.0512932943875506,0.404439248761018,2.23334219025188
"9",4.17806798,2.82108122306426,4.44041346037361,-2.64507540194082,-2.30258509299405,0.951657875711446,-2.56006132338876,4.9416424226093,-1.6094379124341,0.868540626655854,2.40676491190371
"10",3.789704174,3.2997182127123,4.4198144226416,-1.08175517160169,0.587786664902119,-3.86800612001137,-1.50507789710986,4.4188406077966,-1.40039328549939,0.610938253326067,2.51894569201142
"11",4.678626667,2.99021709286588,4.50643473162297,-2.28278246569787,-1.77195684193188,0.672944473242426,-0.941608539858445,5.01063529409626,1.61143591509677,0.356033238089568,2.32198567869802
"12",3.430922448,3.50465609003039,4.45309480290876,0.148420005118273,1.3609765531356,-3.91202300542815,-0.154317360384357,4.57471097850338,-1.6094379124341,0.720066580311161,4.05079315178837
"13",4.227210506,3.14974008603334,4.49500071470515,0.198850858745165,0.741937344729377,-3.91202300542815,0.871293365943419,4.51085950651685,-1.6094379124341,0.389752306063497,3.0199857653547
"14",5.145523227,3.30431930668567,4.09188353638074,-1.45243416362444,0.336472236621213,-1.21237466800678,-0.359536176219765,4.44265125649032,0.519031265216507,0.38477316548831,2.41510988383589
"15",5.002214196,3.51005178657424,4.52393301522747,-2.59026716544583,-0.755022584278033,-1.20639573725869,-0.592397277459802,5.48063892334199,1.55530912815775,0.776630884287146,3.92133947206549
"16",4.62206625,3.16926532431487,4.53177534718663,-3.05760767727208,-0.616186139423817,-3.91202300542815,0.173953307123438,5.19295685089021,1.31640823365572,0.704958649707421,4.48512346512855
"17",5.063705239,3.52075661671979,4.50306437912577,-2.60369018577797,-0.843970070294529,1.41827740697294,0.593326845277734,4.9416424226093,0.920282753143692,0.965783886982782,3.22942003874387
"18",5.262224625,4.00149801185575,4.53116990188196,-1.99510039324608,0.262364264467491,-1.66073120682165,0.231111720963387,4.9416424226093,1.23547147138531,1.13573785982546,4.15669318728664
"19",3.779165831,3.42067315816281,3.82164504421154,0.314810739840034,0.587786664902119,-0.462035459596559,-0.371063681390832,4.40671924726425,-1.6094379124341,0.641491715333295,2.39552883863678
"20",4.84157973,2.79850010402428,4.51430792749915,-1.78976146656538,-1.51412773262978,-0.0943106794712413,-1.09064411901893,5.01063529409626,-1.6094379124341,0.244936353760137,2.83250721245102
"21",4.096711243,3.26575941076705,4.487993533944,0.615185639090233,1.09861228866811,-2.20727491318972,-1.25878104082093,4.78749174278205,0.542324290825362,0.337024227103574,2.38701814896887
"22",5.148964994,3.11883447068797,4.53967968119117,-1.80788885115794,-0.27443684570176,0.824175442966349,0.438254930931155,5.07517381523383,0.887891257352457,0.39488062288828,3.04094461637554
"23",2.633320405,3.3826939100976,4.49428513816555,-0.721546655081643,1.16315080980568,-3.91202300542815,-0.986176859338322,5.07517381523383,-1.6094379124341,0.494093621272413,2.66611647772926
"24",4.473521717,3.51333488159901,4.5284727533042,1.68824909285839,3.52636052461616,-3.91202300542815,-0.0758017134162818,5.01063529409626,1.15530763234465,0.50529234336657,2.07944154167984
"25",3.367775129,3.44473568367664,4.58958516806036,-2.1803674602698,-1.6094379124341,1.69744878975681,-0.143870370419702,5.19295685089021,NA,0.389024702205583,2.92149352361846
"26",4.475345674,3.3403852422654,4.59348341088787,-2.55104645229255,-2.30258509299405,-0.127833371509885,-1.02165124753198,4.59511985013459,NA,0.625819172418591,4.24001654210176
"27",3.325637315,3.36695094293356,4.52784649510249,-0.301105092783922,0.405465108108164,-1.14570389620196,0.322083499169113,4.9416424226093,-1.6094379124341,0.262118849740376,2.86128617700107
"28",4.331090421,2.1671089534316,3.11133270684356,-3.64965874096066,-2.50103603171788,-2.12026353620009,-2.84043938914796,3.87120101090789,-1.6094379124341,-1.14745070400161,1.57090142914217
"29",4.483857712,2.14931735659083,3.73545843732839,-3.91202300542815,-1.96611285637283,-2.12026353620009,-3.26754099684948,4.0943445622221,-1.6094379124341,-1.1411795552901,1.68048837230014
"30",4.831920561,2.45444744230329,3.60355982712614,-2.81341071676004,-0.27443684570176,-3.91202300542815,-2.06356819252355,3.98898404656427,-1.6094379124341,-0.701030169837073,1.5408326800911
"31",4.25941499,1.71217498988521,3.50285103538866,-4.13516655674236,-1.6094379124341,-2.20727491318972,-3.6848874328444,3.43398720448515,-2.65926003693278,-1.46546311746683,1.41001821192913
"32",3.970615314,2.26061660817154,3.39356516357493,-3.2188758248682,0.78845736036427,-2.04022082852655,-2.42475272696825,3.43398720448515,-1.6094379124341,-1.14941833336002,1.75423948235294
"33",4.040240303,1.84466812488346,3.8797064039516,-2.64507540194082,-1.07880966137193,-1.34707364796661,-3.19418321227783,5.01063529409626,NA,-1.50911305444488,1.61436515361965
"34",5.207344906,2.2562269690159,3.58379667766078,-1.99510039324608,1.45861502269952,-1.27296567581289,-1.23787435600162,3.3322045101752,-0.967584026261706,-1.15540488707374,1.56804283706771
"35",4.445803143,1.78507048107726,3.54591384171372,-2.15416508787577,-0.328504066972036,-2.30258509299405,-2.40351101158401,3.49650756146648,-1.6094379124341,-1.57501233141911,1.7040187354133
"36",4.585550401,2.39971180372477,3.01172864663859,-3.41124771751566,-0.713349887877465,-3.91202300542815,-1.4784096500277,3.66356164612965,-0.162518929497775,-0.899406574858664,1.83244305417015
"37",4.922303562,2.36743606531366,4.22672410422132,0.0237165266173161,-0.544727175441672,-0.358104536748327,-2.10373423424888,5.13579843705026,NA,-0.834201657898641,1.74708492426731
"38",5.437905381,2.16332302566054,3.44876816777161,-2.7646205525906,-1.20397280432594,-3.91202300542815,-2.21640739675299,3.52636052461616,-1.6094379124341,-1.50983695121262,1.70798738551293
"39",3.758538763,2.14253370484582,3.79548460489202,-2.79688141480883,-2.04022082852655,-1.77195684193188,-2.73954086819358,4.70048036579242,NA,-1.05529995761157,1.7995801412275
"40",4.813530717,2.36930872503695,3.64831784235781,-2.43041846450393,-4.71053070164592,-3.91202300542815,-2.36233509739982,3.58351893845611,1.45628673293993,-0.606888753632748,1.50165446384352
"41",5.093373265,2.5583894265478,3.7181098286426,-2.09557092360972,0.53062825106217,-0.62548853208613,-2.04022082852655,4.78749174278205,-0.305846043079452,-0.291583004536731,1.62087130142853
"42",5.09816638,2.18346366208618,4.23098139463991,-3.01593498087151,-1.51412773262978,-0.544727175441672,-2.35282630943079,5.19295685089021,NA,-0.882519938747,-0.510825623765991
"43",4.276705799,2.39789527279837,3.60465218879526,-2.31263542884755,-3.07911388249304,-1.83258146374831,-2.37408109469912,3.68887945411394,NA,-0.799512645454589,1.76162546659048
"44",3.596724992,2.2213750375685,3.68100132801072,-2.90042209374967,-2.99573227355399,-1.66073120682165,-3.15355635874756,4.70048036579242,-1.6094379124341,-0.897846870419576,1.6345987080926
"45",5.377121943,2.74791173452734,3.71520271208894,-2.07944154167984,1.64865862558738,-3.91202300542815,-1.24827306322252,4.11087386417331,0.649717622632609,-0.261364764134408,1.5247878907039
"46",4.099308405,2.24633215144325,3.50685784233198,-4.50986000618377,-2.20727491318972,-2.40794560865187,-2.57439381628954,3.76120011569356,-1.56064774826467,-0.806035962638563,1.58515567063012
"47",4.402196841,2.17939999242367,3.26897979228673,-2.74887219562247,-4.71053070164592,-3.91202300542815,-3.75501925661848,3.25809653802148,NA,-0.732447416875109,1.49160482552517
"48",4.498300599,2.30458309565672,3.77129538193303,-3.01593498087151,-1.6094379124341,-2.81341071676004,-2.6794627442503,4.35670882668959,-1.13943428318836,-0.747628709866166,1.588972517556
"49",4.68127107,2.4423470353692,4.43859207621272,-1.62964061975162,0.336472236621213,-0.328504066972036,-2.07147337203066,4.86753445045558,0.598836501088704,-0.915750877621688,1.62050346278293
"50",5.036368016,2.6447553507299,4.35860001163046,-2.30258509299405,1.06471073699243,-0.562118918153541,-1.3509272172826,5.07517381523383,1.41342302850814,-0.24202825003576,1.65209291397007
"51",5.44854608,2.46555392127219,4.49773999669929,-2.0874737133771,-1.20397280432594,0.837247524533702,-1.78379129957888,5.52146091786225,NA,-0.678142318665783,1.77064733490168
"52",5.477538886,2.63834278867739,3.80820106111773,-1.57987911019256,0.587786664902119,-1.17118298150295,-1.10866262452161,5.01063529409626,0.512823626428664,-0.513024706643935,1.53244411876161
"53",3.778491613,2.46044317760963,3.47407804145227,-3.50655789731998,-0.328504066972036,-2.12026353620009,-2.57046453814965,3.73766961828337,-1.20397280432594,-0.513004662814762,1.509913886839
"54",4.51388475,2.42833629829961,3.54990470182335,-2.60369018577797,-0.328504066972036,-3.91202300542815,-2.37408109469912,3.73766961828337,-1.34707364796661,-0.353149736219819,1.49935917232947
"55",4.535697603,2.39789527279837,3.84498465832765,-3.01593498087151,-0.328504066972036,-0.400477566597125,-1.90380897303668,4.70048036579242,NA,-0.310496350218032,1.88715782696277
"56",5.489103002,2.65042108826557,3.39753996813854,-2.30258509299405,1.19392246847243,-1.42711635564015,-1.33941077522104,4.49980967033027,-0.261364764134408,-0.21203176649703,1.67021442859636
"57",5.091108678,2.67138621673062,4.32558854957018,-2.63108915996608,-0.328504066972036,-1.6094379124341,-1.74869997976761,4.86753445045558,0.587786664902119,-0.303951030517624,1.65136189154624
"58",5.847342577,2.31154483436552,4.49428513816555,-3.17008566069877,-0.328504066972036,-0.174353387144778,-2.88061946645349,5.29831736654804,NA,-0.42357663611912,1.77597335493336
"59",5.27622512,2.25318474269892,3.99786202046998,-2.44184716032755,-0.328504066972036,-1.56064774826467,-2.23492644452023,4.86753445045558,0.900161349944271,-0.363935523988487,1.68445929587212
"60",5.32222221,2.3664984187377,4.357462132627,-2.29263476214088,-0.328504066972036,-3.91202300542815,-2.20727491318972,4.86753445045558,0.837247524533702,-0.54773860178953,1.73199531044044
"61",5.467843118,2.8541687092322,3.52642214036493,-2.79688141480883,1.25276296849537,-0.906340401020987,-3.91202300542815,4.78749174278205,0.699253498991706,-0.129918498422311,1.55058601840686
"62",5.141262476,2.69867303928961,4.21197462321549,-2.7646205525906,1.09861228866811,-0.891598119283784,-1.39030238251743,4.78749174278205,-0.083381608939051,-0.429468395837518,1.52066330914694
"63",4.67226793,2.34660197841082,3.50289864039825,-4.96184512992682,-0.328504066972036,-2.79688141480883,-3.37845789469267,4.07753744390572,-1.6094379124341,-0.47612472498668,1.53107045075209
"64",5.150301991,2.45702144629846,4.54262568613468,-2.81341071676004,-0.3147107448397,-0.653926467406664,-1.73727128394399,4.70048036579242,NA,-0.949302162583693,1.64841455734361
"65",5.26299362,2.50715725872282,4.40284966030421,-2.53830742651512,0.0953101798043249,-1.02165124753198,-1.4961092271271,5.29831736654804,0.783901543828409,-0.0330326189622548,1.55845909490931
"66",3.875210815,2.49897390699944,4.51642613788135,-3.01593498087151,-0.328504066972036,0.0295588022415444,-3.73387682004467,5.07517381523383,NA,-0.919470782880786,1.86980942345591
"67",5.630837927,2.87412945179474,4.41170678877529,-2.88240358824699,2.00148000021012,-1.10866262452161,-1.27654349716077,4.9416424226093,0.542324290825362,-0.00614584708800788,1.60186813381668
"68",5.104416166,2.82731362192903,3.77759491374631,-2.90042209374967,2.15176220325946,-2.40794560865187,-1.86433016206289,4.45434729625351,1.34547236659964,0.472298494028114,1.4903833937857
"69",5.823329033,2.89175968317101,4.46338111237003,-2.28278246569787,1.25276296849537,-0.980829253011726,-2.12026353620009,5.01063529409626,0.0889262091944015,-0.295317817360185,1.60034267588357
"70",4.993023981,2.32434658477556,4.38600471162309,-2.95651156040071,-0.328504066972036,-1.96611285637283,-2.3580978029243,5.19295685089021,NA,-0.418518433272472,1.71881648487911
"71",5.214120208,2.51688969564105,4.52012126394168,-1.9241486572738,-0.328504066972036,-0.562118918153541,-3.20645330486964,5.13579843705026,NA,-0.261364764134408,1.63266213038739
"72",5.628083492,2.57337529777561,4.5029422475717,-1.95899538860397,-0.139262067333508,-2.20727491318972,-1.44816976483798,5.39362754635236,NA,-0.71256856054012,1.56647780043555
"73",5.578149064,2.78562833574758,4.14546937991825,-2.45340798272863,1.06471073699243,-1.34707364796661,-1.27296567581289,4.86753445045558,0.698134722070984,-0.321609831367421,1.57081765896881
"74",4.030059982,2.93066027681028,4.51604838361659,-2.28278246569787,1.66770682055808,-0.400477566597125,-0.321583624127462,4.78749174278205,NA,-0.355602661895803,1.96644374162427
"75",4.336636932,2.39379597304743,4.50917295321692,-3.27016911925575,-2.63108915996608,0.00995033085316809,-3.91202300542815,5.39362754635236,NA,-0.216555301570689,1.61082375171509
"76",3.257162025,2.9274534328007,4.49428513816555,0.316998126785834,2.30258509299405,-3.91202300542815,-4.1043948980756,4.86753445045558,NA,-0.37765346232393,1.99677000666557
"77",5.200515512,2.81540871942271,4.45315003330855,-3.03655426807425,-0.328504066972036,-1.83258146374831,-2.76145097782933,4.9416424226093,1.08518926833597,-0.489021732361502,1.93061056212314
"78",5.401930644,2.4466854369678,4.48548170236822,-3.24419363285249,-0.328504066972036,-1.02165124753198,-2.48891467118554,5.34710753071747,NA,-0.781580659166003,1.69365442074765
"79",4.760662819,3.11395965491864,4.50917295321692,-0.229413164327805,2.04122032885964,1.70474809223843,-2.05572501506252,5.19295685089021,NA,-0.556009548241344,1.93595201674314
"80",5.128600322,2.68648602318637,4.32672895183506,-3.2188758248682,-0.328504066972036,-0.82098055206983,-3.91202300542815,5.13579843705026,0.346068898151508,-0.58870969075945,1.59984201876065
"81",3.974273204,2.91831112658541,4.49336410892461,-0.71743987312899,2.30258509299405,1.42551507427317,-1.77195684193188,5.07517381523383,0.985816794522765,-0.253856657007722,2.06943867944692
"82",4.942366653,2.93863268151342,4.45588621615977,-1.29828348379718,1.84054963339749,-1.30933331998376,-1.98050159382493,4.78749174278205,0.783901543828409,-0.0952011857443932,1.83400940375654
"83",5.290270795,2.89480635496403,4.39466829115411,-2.33304430047875,1.66770682055808,-1.13943428318836,-1.56542102701733,4.78749174278205,1.22671229129543,-0.493626054690706,1.64784791243288
"84",3.660773892,2.52252351335931,4.45702361868229,-1.93794197940614,-0.328504066972036,-2.47693848013882,-3.87280229227486,4.9416424226093,-0.527632742082372,0.235762002734236,1.65102294376771
"85",4.147456438,2.91506437048654,4.40636289109401,-1.55589714550607,0.993251773010283,-0.527632742082372,-1.50507789710986,4.35670882668959,1.41585316336144,-0.375831551379253,1.71230961356081
"86",4.589867992,2.95569122401681,4.37314820025941,-0.436955775199535,2.94443897916644,0.314810739840034,-3.91202300542815,5.24702407216049,1.19709923538276,-0.521519264138578,1.82605316067355
"87",4.764076884,2.53290284805626,4.53024278280783,-2.99573227355399,-0.328504066972036,-1.38629436111989,-3.06401111430729,5.29831736654804,NA,-0.809272091664959,1.7585643920784
"88",4.46579317,2.6253929674212,4.52688769572253,-2.2730262907525,-0.328504066972036,-0.916290731874155,-2.06356819252355,4.86753445045558,NA,-0.756996872328282,2.03841796434313
"89",3.562627615,2.85991255041146,4.54047687953856,1.18631786908722,2.94443897916644,-3.91202300542815,-1.08767234862978,5.01063529409626,-0.186329578191493,-0.734444287928437,1.82586842161694
"90",4.824988214,2.42657107277504,4.54440573939663,-4.60517018598809,-0.328504066972036,-0.0618754037180875,-3.68091128446476,5.39362754635236,NA,-0.892313008902827,1.68877538687374
"91",4.649036687,3.00270788729042,4.28934055515488,-0.0512932943875506,3.04452243772342,-3.91202300542815,-0.843970070294529,4.70048036579242,0.392042087776024,-0.371063681390832,1.81031851313733
"92",6.045584023,2.75238601492226,4.49050683280804,-2.57702193869581,0,-0.210721031315653,-1.61445045425764,5.4380793089232,NA,-0.487946035825828,1.80969450398524
"93",5.009453643,3.17596832385692,4.46492789126221,-0.0512932943875506,2.83321334405622,-1.30933331998376,-0.867500567704723,5.19295685089021,0.0861776962410524,-0.373141200258313,1.88486327738967
"94",4.404347094,2.91885122921803,4.59223136935636,-1.65025990695436,1.68639895357023,1.4747630091075,-1.3704210119636,4.78749174278205,NA,-0.63104976148909,2.28711910885336
"95",4.726780812,3.24921102466427,4.5471685355476,-2.13707065451647,3.17805383034795,-1.89711998488588,0.444685821261446,4.15888308335967,1.57069708411767,-0.387912068060582,2.07137030671961
"96",4.90717421,2.99272776453369,4.23891678618497,-1.56542102701733,1.7404661748405,1.3609765531356,-1.05555279920766,4.29045944114839,NA,-0.375006225623509,2.05849034002459
"97",5.15222579,2.9391619220656,3.48649671060019,-1.90380897303668,1.84054963339749,1.19088756477728,-0.253602758798918,4.43081679884331,NA,-0.671442441856569,2.08373543471219
"98",4.84857564,3.29509585077961,4.36782361004855,-1.66073120682165,1.70474809223843,1.42310833424261,-1.41058705368894,5.01063529409626,NA,-0.0692386159653667,2.18084516415113
"99",5.517384047,3.01993696225081,4.4914753472551,-1.67664666212755,0.587786664902119,1.32707500145992,-0.988861424708991,5.29831736654804,NA,-0.56937500455208,2.07758557043022
"100",5.703272821,3.26155209914864,4.48404920182494,0.175632568643158,2.12823170584927,-0.941608539858445,-1.0700248318162,4.78749174278205,NA,-0.254240848933072,2.0163961719034
"101",3.981788909,3.51631018876266,4.33582500049309,-1.4784096500277,3.73766961828337,1.28923264827676,-2.46745973618428,5.01063529409626,NA,0.128482041078283,2.74532992919805
"102",5.225208895,3.31309450010718,4.08912126117197,-1.62964061975162,2.39789527279837,1.708377860289,-1.0300194972025,4.70048036579242,NA,-0.121031556390957,2.19670577611547
"103",6.210456635,2.73631366637507,4.55075494972318,-1.72597172869005,0.262364264467491,0.936093359170335,-0.928869514081015,5.13579843705026,NA,-0.946311890986166,1.90012047889812
"104",2.134166441,3.37211180076706,3.98689948648895,-1.19072757757592,3.55534806148941,0.512823626428664,-1.89711998488588,4.70048036579242,-1.6094379124341,-0.0243674904483034,3.34201444927858
"105",4.875851415,2.84199817361195,4.45588621615977,-1.54646311327271,1.09861228866811,-0.562118918153541,-1.15201306539522,4.86753445045558,NA,-0.727680655995326,2.10783546668614
"106",2.110039973,3.53543685687036,2.76525036221888,-0.443166975292176,3.95124371858143,-2.30258509299405,-3.67695088324866,3.3322045101752,NA,0.617973101854995,4.30072502136941
"107",4.0283065,3.62407423074782,4.49729295049043,0.545227050483323,3.98898404656427,1.31640823365572,-1.20397280432594,5.01063529409626,0.867100487683383,0.306583558548047,2.56347496338427
"108",2.38863168,3.56642929435737,4.35673803139134,0.703097511413113,3.93182563272433,0.457424847038875,-2.56785357060893,4.70048036579242,NA,0.465844366492121,4.36454132881319
"109",5.180265545,3.41197245483011,3.97237982668333,-2.45340798272863,3.71357206670431,-0.00400802139753882,-1.71479842809193,4.17438726989564,0.522062255691978,-0.0897868614493256,2.63904204378415
"110",5.251487779,3.50915452316725,4.42296861799519,-1.53247687129797,3.8286413964891,1.41098697371026,-0.713349887877465,5.19295685089021,NA,0.444685821261446,2.76178709413591
"111",4.811289646,3.40186382620532,4.49453052680749,0.0148886124937506,3.63758615972639,-0.150822889734584,-0.3078847797693,4.9416424226093,NA,-0.138442862743349,1.80821155508343
"112",5.406268094,3.27260614728917,4.5284727533042,1.68361731060835,3.25809653802148,-3.91202300542815,-0.928869514081015,5.19295685089021,NA,-0.00188778073733271,2.27060276739074
"113",5.478917205,2.89314568477889,4.4938265292077,-2.28278246569787,0.53062825106217,-1.07880966137193,0.0769610411361284,5.13579843705026,NA,-0.52932909533055,2.17960843128016
"114",4.592027052,3.31273040033983,4.48285978476098,-1.93102153656156,3.25809653802148,1.43746264769429,-2.4395509480672,4.9416424226093,1.16002091679675,-0.0518882081557646,2.43100231802829
"115",3.321896457,3.85375809729617,4.44112724872137,1.77833644889591,4.07753744390572,-3.91202300542815,-0.843970070294529,4.78749174278205,-1.14727746064939,0.811398550974928,3.42874146964508
"116",4.737363182,2.91506437048654,4.24698224089729,-2.00991547903123,0.641853886172395,1.00430160919687,-1.40649706843741,4.70048036579242,NA,-0.601578537035506,2.30829863955634
"117",4.605227324,3.00716665117965,4.47175307254774,-1.56064774826467,0.741937344729377,0.657520002916794,-3.91202300542815,4.86753445045558,0.135841222911413,-0.500342431608298,2.0454102402077
"118",4.158994687,3.00071981506503,4.48749964525392,-3.41124771751566,-0.328504066972036,-0.532730459154041,-3.91202300542815,4.78749174278205,NA,0.386070917390408,2.2263409947929
"119",5.29524121,3.29063819109509,4.48548170236822,-0.0888312137066157,2.39789527279837,1.11841491596429,0.182321556793955,5.01063529409626,NA,0.335220024359159,2.3427595819278
"120",5.698008695,3.32323584019244,4.45047201798319,1.07500242302898,3.2188758248682,1.92861865194525,0.0769610411361284,5.13579843705026,NA,-0.208572723298746,2.20488119052021
"121",4.896452913,3.09421922026864,4.26724326582764,-1.50959257746438,2.17475172148416,-1.46967597005894,-1.06711362160874,4.9416424226093,1.03318448334565,-0.211056890179063,2.07335669147076
"122",5.346767335,2.97552956623647,4.54288632652289,-1.9173226922034,1.02961941718116,2.37304355664261,0.482426149244293,5.13579843705026,NA,-0.238624007662988,2.19962048263929
"123",5.439357995,3.11484775444415,4.3346019659161,-0.778705068921592,1.06471073699243,2.98163334917449,-0.967584026261706,5.56068163101553,NA,0.204182521775268,2.22170665286007
"124",4.992267637,2.87299950817169,4.58894493564184,-2.67364877438488,-0.328504066972036,-0.3147107448397,-3.02825546525955,5.19295685089021,NA,0.055750645621317,2.27375692577372
"125",4.095677007,2.8541687092322,4.56187530306478,-3.68887945411394,-0.328504066972036,2.14826773260969,-2.14558134418438,5.24702407216049,NA,0.649485219650016,2.26346851841815
"126",4.542367299,3.43172658669698,4.46372182240372,0.869199124340304,3.2188758248682,-0.643405088665131,-3.91202300542815,4.78749174278205,NA,0.582988505457164,2.26867405851478
"127",4.69576798,2.7868613815265,4.52012126394168,-3.24419363285249,-0.150822889734584,1.96990565461153,-0.84863208340034,5.01063529409626,NA,-0.606360495478318,2.70021800940761
"128",4.332554983,3.67147893943377,4.53177534718663,1.50185270175416,4.02535169073515,-1.8773173575897,-0.59783700075562,4.86753445045558,0.936093359170335,0.373553988001729,2.15202402944511
"129",3.343366483,3.66663384516662,4.49992077526899,1.90359895098359,3.76120011569356,-1.46967597005894,0.173953307123438,4.60517018598809,NA,0.66717633888274,4.55795530041556
"130",4.379147494,3.12015985192904,4.54021330535039,-3.2188758248682,-0.328504066972036,2.54944517092557,-1.42711635564015,4.9416424226093,NA,0.769463569508051,2.09149918030246
"131",4.863680881,3.30395199722332,4.54340115959046,-2.70306265959117,-0.328504066972036,1.96150224381515,-0.988861424708991,5.07517381523383,NA,0.113735745303983,2.0193345202602
"132",5.278908803,3.36936265814214,4.60527018098843,-0.365283318475333,3.09104245335832,3.18013499655177,0.27002713721306,5.29831736654804,NA,0.113239395606511,2.252483404152
"133",5.674157479,3.10368941505908,4.55120851359178,-1.42711635564015,0.741937344729377,0.378436435720245,0.00995033085316809,4.47733681447821,NA,0.0318125712746594,2.50431737023336
"134",5.159752924,3.60468229531318,3.65147351925394,-1.81400507817537,1.56861591791385,2.80396625793204,1.52822785700856,5.13579843705026,NA,0.148263096256998,2.19763238306105
"135",4.207864554,3.3418011717055,4.56875869048539,-0.742337424750717,2.70805020110221,-1.10866262452161,0.0392207131532813,4.9416424226093,NA,0.248887708398804,2.11120834139308
"136",4.042825681,3.71088553437655,4.56890623570008,0.802001585472027,4.18965474202643,0.900161349944271,-1.40649706843741,4.86753445045558,NA,0.606183620608881,2.71604310589521
"137",3.800931815,3.04452243772342,4.45881242561663,-2.07147337203066,-1.89711998488588,0.182321556793955,-1.22758266996507,5.01063529409626,-0.342490308946776,-0.819186956978144,2.68701372861201
"138",3.874172781,2.94443897916644,4.45359041663657,-2.14558134418438,-0.994252273343867,0.587786664902119,-1.63475572041839,4.78749174278205,NA,-0.968669963046101,2.57164040011792
"139",3.909161773,3.2188758248682,4.42917522410123,-2.31263542884755,-1.89711998488588,0.0953101798043249,-1.81400507817537,5.24702407216049,NA,-0.380468574877082,3.05991972447988
"140",3.767822656,2.99573227355399,3.88552266427062,-3.14655516328857,-0.798507696217772,-0.579818495252942,-1.63475572041839,4.45434729625351,-0.22314355131421,0.278691780613648,2.28350295688774
"141",5.058971841,2.94443897916644,4.49597069533077,-2.93746336543002,-1.89711998488588,-0.356674943938732,-1.4961092271271,4.70048036579242,-0.385662480811985,0.203510755035926,2.78931654567282
"142",4.016383021,3.25809653802148,3.69405258064182,-2.91877123241786,-0.49429632181478,-0.328504066972036,0.336472236621213,4.78749174278205,0.00995033085316809,0.661862890520179,2.91997573926814
"143",4.043051268,2.89037175789616,4.24414693685824,-2.22562405185792,2.10413415427021,0.0953101798043249,-1.89711998488588,5.19295685089021,NA,0.514414367714223,2.5029269511224
"144",4.313671315,2.83321334405622,4.41472071581701,-1.74296930505862,1.06471073699243,0.993251773010283,-2.01740615076038,5.13579843705026,NA,-0.306386707881711,2.48681672692865
"145",5.238719004,2.99573227355399,4.05156350293837,-1.63989711991881,0.8754687373539,1.38629436111989,-1.12701176318981,5.01063529409626,-0.446287102628419,-0.161096521599706,2.11654139056269
"146",4.670155036,3.3322045101752,4.38714599622762,-2.05572501506252,1.66770682055808,0.405465108108164,-0.742337424750717,5.01063529409626,NA,-0.0703696234179716,2.3277636782123
"147",5.101607072,3.09104245335832,4.39579769276386,2.45530618001171,4.70048036579242,-0.105360515657826,-0.352398387171472,4.59511985013459,NA,-0.219336745154099,2.99599697001879
"148",2.843246873,2.94443897916644,4.1963211329411,-2.24431618487007,-1.20397280432594,1.54756250871601,-1.45671682541644,4.02535169073515,-0.994252273343867,-0.776757620026531,2.86460104793706
"149",4.256625368,3.25809653802148,3.55339096562605,-0.834710744881732,1.98787434815435,-1.34707364796661,-0.816445396904439,4.29045944114839,1.80828877117927,-0.894278576795069,2.09566022625512
"150",4.298256752,3.04452243772342,4.25758306781289,-1.68200860526894,1.50407739677627,0.916290731874155,-1.18744350237473,4.54329478227,-0.415515443961666,-0.514452248694236,1.78516734920418
"151",4.839677496,3.89182029811063,3.71717557236956,-3.12356564506388,0.8754687373539,0.693147180559945,-0.585190039054853,4.48863636973214,0.53062825106217,0.153438710151273,3.92423218731372
"152",4.934473933,3.09104245335832,2.86530941528352,-2.64507540194082,1.1314021114911,-1.56064774826467,-0.841647188878389,4.00733318523247,1.06471073699243,-0.574502809292939,2.26152178561018
"153",2.915451442,2.89037175789616,4.22779208970504,-0.0408219945202552,2.63905732961526,1.30833281965018,-0.599656837472606,4.86753445045558,0.832909122935104,-1.11196515065059,2.47761598234237
"154",3.734944821,3.04452243772342,3.80295878529439,-1.89047544216721,2.29253475714054,0.78845736036427,-0.388607991041741,3.78418963391826,NA,-0.935796967498686,2.35415422083605
"155",3.986335038,2.77258872223978,4.51451606928927,-3.27016911925575,-2.91877123241786,-0.693147180559945,-2.57833859458055,5.34710753071747,NA,-1.01343090785053,2.6935531264775
"156",4.180959035,2.77258872223978,4.40646344076807,-1.93794197940614,1.1314021114911,0.587786664902119,-1.95899538860397,4.78749174278205,NA,-0.818325049222374,2.06963823869504
"157",4.258647614,2.99573227355399,3.54281311687502,-2.21640739675299,1.85629799036563,-1.66073120682165,-0.891598119283784,3.93182563272433,0.405465108108164,-0.97935510543471,2.03299978885138
"158",4.502979245,2.83321334405622,4.48908596628891,-1.78379129957888,-0.798507696217772,-0.63487827243597,-1.32050662058189,5.29831736654804,1.38629436111989,-0.921492309151715,2.04459416069343
"159",1.561996838,3.09104245335832,3.96025184122514,-2.14558134418438,-0.867500567704723,0.587786664902119,-1.98777435315401,4.60517018598809,NA,-1.03705860021483,1.9033753195716
"160",2.900636357,3.29583686600433,4.40377956416336,-1.58963528513792,1.62924053973028,0.993251773010283,-1.8773173575897,4.40671924726425,NA,-0.849947092505755,2.23075138121012
"161",3.160035325,3.04452243772342,4.46106558155576,-2.03255795578099,2.01490302054226,1.80828877117927,-1.62455155024415,4.57471097850338,NA,-1.05236337646025,1.68461879576986
"162",3.85922482,3.17805383034795,4.35980901574895,0.593326845277734,2.00148000021012,-1.46967597005894,-1.14570389620196,4.70048036579242,0.368109321564396,-0.714025119876922,1.87952858869721
"163",3.900528626,3.04452243772342,4.40541956340682,-0.881889305156823,0.641853886172395,-1.13943428318836,-1.21066179247673,4.46590811865458,-0.644357016390513,-0.933918891389924,1.57838536277116
"164",4.022797411,3.25809653802148,4.44853255511008,-1.99510039324608,1.33500106673234,1.64865862558738,-1.39030238251743,4.47733681447821,NA,-0.749334837031452,2.31446808475737
"165",4.24645234,2.99573227355399,4.44049404986289,-1.59454929994035,0.916290731874155,1.64865862558738,-1.24827306322252,4.60517018598809,NA,-1.01934103756761,1.81312992190882
"166",3.723970774,3.13549421592915,4.44429054060021,-0.441610554744518,0.741937344729377,-1.71479842809193,-1.21066179247673,4.70048036579242,-0.415515443961666,-0.773576350066904,1.50600688101266
"167",2.313948852,2.94443897916644,4.43881070394175,0.371563556432483,3.09104245335832,-1.46967597005894,-2.04794287462046,4.78749174278205,-1.07880966137193,-1.06192636036929,2.25719303192202
"168",3.831742174,2.63905732961526,4.46847332592519,-2.50103603171788,-3.50655789731998,-0.579818495252942,-2.07944154167984,4.9416424226093,-0.328504066972036,-1.04896806645296,1.43634689269202
"169",4.195697056,2.39789527279837,4.51993948701355,-2.99573227355399,-2.59026716544583,-0.49429632181478,-2.94503915923847,5.07517381523383,-0.478035800943,-1.37054609065176,1.46360106311027
"170",4.586666714,2.94443897916644,4.45810858883181,-1.89047544216721,0.78845736036427,1.54756250871601,-0.991553216374702,4.86753445045558,1.28093384546206,-0.462451520741169,1.74068170459475
"171",4.683453104,2.484906649788,4.49549113642706,-2.5133061243097,-0.916290731874155,-0.186329578191493,-1.29098418131557,5.29831736654804,0.336472236621213,-0.118923144833927,1.89265384636992
"172",2.63905733,2.83321334405622,4.45821831731391,0.300104592450338,1.43508452528932,0.993251773010283,-1.29098418131557,4.60517018598809,NA,-1.12098399452237,2.43966029627247
"173",2.995732274,2.63905732961526,4.48956461406094,-3.10109278921182,-3.54045944899566,-0.562972847559779,-3.35526844977376,5.29831736654804,-0.843970070294529,-0.913445767625447,1.53805675955793
"174",3.885972328,3.3322045101752,3.45136182044857,-0.0408219945202552,2.26176309847379,-1.34707364796661,-1.05843049903528,4.26267987704132,NA,-0.562624003582451,2.43810017542931
"175",4.124827579,3.66356164612965,4.46978975019354,0.0468835858988505,3.63758615972639,-0.116533816255952,0.2390169004705,4.9416424226093,0.8754687373539,-0.601364653795321,2.17074548084444
"176",4.225790448,3.36729582998647,4.47396250892984,-0.473208760194684,2.89037175789616,0.182321556793955,-1.62455155024415,4.78749174278205,0.182321556793955,-1.08590425387722,2.01819897398198
"177",5.010635294,3.36729582998647,4.46072191940378,-0.083381608939051,2.94443897916644,1.7404661748405,-0.0212236364516267,4.9416424226093,NA,-0.807926422375536,2.28305805429984
"178",4.768260381,2.83321334405622,4.43369794376112,-2.14558134418438,0.0953101798043249,-1.04982212449868,-0.173163619009189,4.9416424226093,NA,-1.04517662015372,2.08021841708398
"179",3.536394054,3.04452243772342,4.56416130463058,-3.10109278921182,-2.95651156040071,1.50407739677627,-2.1803674602698,4.70048036579242,NA,-1.92639145814369,2.42225293173705
"180",2.816263786,2.99573227355399,4.50630209242841,0.457424847038875,1.66770682055808,-0.198450938723838,-0.365283318475333,4.52178857704904,NA,-1.21002883176481,2.22531382523061
"181",3.031513011,3.49650756146648,4.55286046405514,-3.47376807449699,-3.24419363285249,2.39789527279837,-1.70374859190534,4.86753445045558,NA,-0.973111940221326,2.77906770261966
"182",3.440418095,3.43398720448515,4.46605672945053,2.20552338015091,3.09104245335832,-0.529597042940076,-0.903868211875598,5.19295685089021,0.470003629245736,-1.1501585455743,2.46425349579651
"183",4.02023659,3.43398720448515,4.46681335949009,0.0601539228197471,3.40119738166216,-0.0618754037180875,-0.321583624127462,5.07517381523383,NA,-0.90606450344066,2.26431818811699
"184",4.321290399,3.91202300542815,4.45148718701443,-0.141563564321787,3.76120011569356,-1.56064774826467,1.34286480319255,4.70048036579242,1.11514159061932,-0.378439770145804,2.56749954604162
"185",2.824774475,2.94443897916644,4.51264765945539,1.35840915763035,2.19722457733622,-0.776528789498996,-1.41058705368894,5.39362754635236,NA,-1.39304432696872,2.11724350814262
"186",3.85922482,3.49650756146648,4.54627069569496,-3.2188758248682,-1.30933331998376,1.28093384546206,-1.12701176318981,5.19295685089021,NA,-0.48625510318139,3.12659338164001
"187",1.929103031,3.2188758248682,4.48286989767896,-0.478035800943,1.25276296849537,0.8754687373539,-1.34323487165944,5.01063529409626,NA,-1.08693069197434,2.04201561292702
"188",2.880000704,3.2188758248682,4.51384756463458,1.5810384379124,2.63905732961526,-1.02165124753198,-1.96611285637283,4.55387689160054,NA,-1.57407250605006,3.35166493607002
"189",3.894731508,3.25809653802148,4.32548170627502,0.0610950993598108,1.87180217690159,-0.0618754037180875,-1.6094379124341,4.78749174278205,0.53062825106217,-0.605532907515338,2.23700444577834
"190",3.895893623,3.25809653802148,4.48980417443665,0.398776119957368,2.56494935746154,2.12823170584927,-0.473208760194684,5.48063892334199,NA,-0.729591041857494,1.94198551345245
"191",3.672072336,3.76120011569356,4.41883023123674,1.82776990675109,2.70805020110221,-2.20727491318972,0.858661619037519,5.07517381523383,-0.226338660242753,0.30676218806395,2.26196209565171
"192",2.174189669,2.2082744135228,2.65707139550349,-3.01593498087151,-4.13516655674236,-2.0188716752448,-2.65926003693278,3.70241479642439,-2.85239266908562,-1.71479842809193,2.06686275947298
"193",3.836042154,2.77258872223978,3.2112411858379,-2.45340798272863,0.993251773010283,-1.38629436111989,-0.478035800943,4.12294209547287,1.62846367628529,-1.27296567581289,2.15176220325946
"194",3.805779515,2.39789527279837,3.34468435516205,-1.65548185093551,-1.46967597005894,-2.11235714921339,-2.04022082852655,4.13667056403615,0.167397982139035,-1.30933331998376,1.96009478404727
"195",4.140991317,2.18605127673809,2.69611459294284,-3.32423634052603,-3.27016911925575,-2.12103863651274,-2.71810053695571,3.62927613029823,-0.418810509155462,-1.63989711991881,1.66770682055808
"196",4.468860814,2.2082744135228,2.63663187987438,-3.72970144863419,-3.27016911925575,-2.14220410476489,-2.44184716032755,3.78502227263296,-0.530493368759197,-1.4740332754279,1.75785791755237
"197",5.480638923,2.24070968927596,4.00437340029638,-2.52572864430826,-0.0512932943875506,-0.998952735660676,-0.967584026261706,4.60517018598809,1.41421969259554,-1.66073120682165,2.01490302054226
"198",5.768320996,2.70805020110221,4.51331284462036,-2.21640739675299,1.1314021114911,0.182321556793955,-1.07880966137193,5.56068163101553,1.23455953243954,-1.02165124753198,1.54756250871601
"199",3.851963492,2.56494935746154,3.79350519741766,-2.10373423424888,1.64865862558738,-1.46967597005894,-1.66073120682165,4.69931211911247,0.00978722646326127,-1.34707364796661,1.85629799036563
"200",3.879089497,2.484906649788,4.43877106970448,-3.07911388249304,-4.26869794936688,-1.1527778102697,-3.27016911925575,5.13579843705026,NA,-1.53247687129797,1.97408102602201
"201",4.18806087,2.484906649788,2.73502979849931,-3.81671282562382,-1.46967597005894,-2.23320352772498,-2.65926003693278,4.15120772945328,-1.11925310929019,-1.21739582465808,1.48160454092422
"202",5.634789603,2.70805020110221,4.3625914535236,-2.46510402249182,1.68639895357023,1.90749663351608,-1.02165124753198,4.9416424226093,2.14954248581081,-1.17441400208439,1.58923520511658
"203",5.135798437,2.63905732961526,3.08139661511529,-2.44184716032755,1.77495235091167,-2.51836675960313,-1.10866262452161,4.16910669849476,0.609067931043679,-1.10866262452161,1.64865862558738
"204",3.98845639,1.87180217690159,2.48621554364591,-3.91202300542815,-2.78062089393705,-2.19064063314235,-2.67364877438488,3.39172379696414,-1.03298336130205,-0.373966441048793,1.70474809223843
"205",4.089347548,1.79175946922805,2.41675971414641,-3.86323284125871,-1.56064774826467,-2.90074630993842,-2.7646205525906,3.61393263407184,-1.58392256033793,-0.736054681571222,1.62924053973028
"206",4.451694845,1.97408102602201,2.40011287482765,-3.91202300542815,-2.74887219562247,-1.07729611030962,-3.2188758248682,3.67921268837488,-0.874680234703837,-0.558616287602339,1.45861502269952
"207",4.467711456,2.00148000021012,3.32027194588767,-3.38139475436598,-1.96611285637283,-0.186329578191493,-2.52572864430826,4.9416424226093,0.523915457061495,-0.544727175441672,1.82454929205105
"208",4.787491743,2.29253475714054,2.27721284239958,-3.68887945411394,-0.967584026261706,-2.64601822654198,-2.61729583783375,3.2613287974843,-1.98343726100108,-0.131248286609954,1.52605630349505
"209",4.86753445,2.94443897916644,3.21983454514901,-1.58963528513792,2.06686275947298,-1.8555251179085,-1.23787435600162,4.15404818043705,0.81633647955916,-0.0491902441907718,1.64865862558738
"210",5.192956851,1.82454929205105,2.9133118525258,-3.54045944899566,-1.02165124753198,-1.35583117572309,-2.30258509299405,4.22442041816324,-1.25361802945582,-0.653926467406664,1.52605630349505
"211",5.192956851,2.83321334405622,4.18124382727464,-1.82635091399767,1.7404661748405,0.596739987356392,-1.17118298150295,4.9416424226093,2.23950267112254,-0.0801260444792849,1.80828877117927
"212",5.247024072,2.484906649788,4.20853403795461,-2.26336437984076,-0.867500567704723,0.296459434705581,-0.891598119283784,4.9416424226093,0.375612348311998,-0.387134151423441,1.70474809223843
"213",5.669880923,2.77258872223978,4.43980899874695,-2.24431618487007,0.587786664902119,0.14622136919906,-0.967584026261706,5.24702407216049,1.72235763519875,-0.107585210679937,1.80828877117927
"214",1.918318986,2.83321334405622,4.24488551524627,-2.26336437984076,2.39789527279837,-1.09623461856728,-2.04022082852655,4.60517018598809,NA,-1.14256417619729,2.23001440015921
"215",3.664341489,2.484906649788,4.46310267742663,-3.27016911925575,-4.42284862919414,-0.592911458452788,-2.20727491318972,5.29716905749348,NA,-1.64506509007725,1.56861591791385
"216",4.355116541,2.56494935746154,4.48288634661823,-2.24431618487007,-1.83258146374831,-0.926372835909028,-1.96611285637283,5.394559491502,0.661356089604874,-1.36257783450257,1.62924053973028
"217",4.433753233,2.77258872223978,4.42612572101829,-0.85566611005772,0.78845736036427,-0.768328853231516,-1.34707364796661,5.07517381523383,0.268851365348116,-1.30195321268614,1.68639895357023
"218",4.529229808,2.56494935746154,4.55807749889391,-2.44184716032755,-1.10866262452161,-0.675489335980457,-1.66073120682165,5.24702407216049,0.512262809919041,-1.42711635564015,1.7404661748405
"219",4.787491743,2.99573227355399,4.43489510219959,-2.1982250776698,2.56494935746154,-1.57310135446068,-0.994252273343867,4.94284201209975,0.465848904065635,0.0276151670329734,1.75785791755237
"220",5.135798437,2.56494935746154,4.16150582222127,-2.1803674602698,0.53062825106217,-0.478035800943,-0.941608539858445,4.9416424226093,0.389825343423564,-1.30195321268614,2.67414864942653
"221",5.298317367,2.77258872223978,3.95634288895549,-1.35479569406052,0.993251773010283,-0.7339691750802,-1.07880966137193,4.9416424226093,0.574257314592822,-1.27654349716077,1.45861502269952
"222",5.393627546,2.56494935746154,4.45808802703442,-2.1803674602698,-0.867500567704723,-0.616583470201089,-1.42711635564015,5.59842195899838,0.741913982551722,-1.37832619147071,1.90210752639692
"223",5.438079309,2.56494935746154,4.4890093496047,-2.52572864430826,-0.150822889734584,-0.842360322448047,-1.27296567581289,5.60005673757498,0.790729474429757,-0.729811164931537,1.3609765531356
"224",5.768320996,2.63905732961526,4.48735066277855,-2.1803674602698,0.53062825106217,0.587838840207631,-1.42711635564015,4.9416424226093,NA,-1.38629436111989,1.41098697371026
"225",4.169325576,2.70805020110221,4.5004073500175,-1.48280526150073,0.78845736036427,-1.75631600011828,-0.7339691750802,4.9416424226093,NA,-0.423120043346885,1.62924053973028
"226",4.391789152,2.56494935746154,4.39498595896229,-1.2837377727948,-0.116533816255952,-1.00604179747659,-1.83258146374831,5.07517381523383,0.0960499679117929,-0.544899604099742,1.80828877117927
"227",4.401753207,3.04452243772342,4.45501427400694,-1.34323487165944,2.77258872223978,-1.13943428318836,-1.34707364796661,4.78749174278205,0.325130342678802,-0.139262067333508,1.30833281965018
"228",4.588040079,2.484906649788,4.48043249620272,-1.56542102701733,-1.71479842809193,-1.49348049331307,-1.42711635564015,5.13319130909079,0.757833445782822,-0.544727175441672,1.90210752639692
"229",4.783372569,2.83321334405622,4.39997162783174,-0.525939261576039,1.38629436111989,-1.16721773414278,-1.34707364796661,4.78749174278205,0.48787087693676,-0.209487224866724,1.68639895357023
"230",4.86753445,2.83321334405622,4.37948184932755,-1.55116900431012,1.33500106673234,-0.0184543376273389,-1.34707364796661,5.44005879974222,0.773605584435227,-0.527632742082372,1.50407739677627
"231",5.010635294,2.94443897916644,4.36159041642134,-2.43041846450393,1.30833281965018,-1.3743232219907,-2.12026353620009,5.07517381523383,NA,-0.427710717055484,1.3609765531356
"232",5.135798437,2.484906649788,4.46216920393801,-2.37515578582888,-1.6094379124341,-0.972552681187939,-2.30258509299405,5.4380793089232,0.417972643093668,0.031498667059371,1.77495235091167
"233",5.345298811,2.56494935746154,4.4653940641374,-1.86433016206289,0,-1.16397186998336,-1.17118298150295,5.4380793089232,1.09804649797207,-0.415515443961666,1.7404661748405
"234",3.702625083,2.77258872223978,4.46390611598391,-0.869884359059999,1.43508452528932,-1.71479842809193,-0.713349887877465,4.86753445045558,0.447026100542186,-0.175544572514931,1.91692261218206
"235",2.602632292,2.77258872223978,4.48171259506632,-1.76026080216868,1.80828877117927,-0.916290731874155,-1.66073120682165,4.45740491441303,-0.601817494237058,-0.378336440719912,1.87180217690159
"236",3.583290394,3.09104245335832,2.91278798093474,-1.23443201181064,3.43398720448515,-0.617679405642918,-1.71479842809193,3.34147422438361,NA,-0.339677367570161,2.10413415427021
"237",3.733107424,3.17805383034795,3.34868525883999,0.0295588022415444,3.52636052461616,-2.37882193882291,-2.78062089393705,3.9905694667139,-3.2188758248682,-0.253602758798918,2.23001440015921
"238",4.183650964,2.77258872223978,4.36061649449342,-2.33304430047875,-0.562118918153541,-0.306719714503799,-1.77195684193188,4.86753445045558,NA,-0.487760350834995,2.17475172148416
"239",4.481325592,2.94443897916644,4.41520313671876,-1.55589714550607,0.641853886172395,0.240130137285308,-1.96611285637283,4.56840210076251,1.56923304536819,-0.432322562278047,1.97408102602201
"240",4.552762091,2.94443897916644,4.39932816600217,-2.02495335639577,1.48160454092422,0.262364264467491,-1.46967597005894,4.78749174278205,1.46735709500515,-0.2484613592985,2.28238238567653
"241",4.559268509,2.70805020110221,4.45322423317977,-2.05572501506252,0.182321556793955,0.573245653860205,-2.30258509299405,5.24947768432761,0.425821387339581,-0.494460269679726,2.45100509811232
"242",4.787491743,2.77258872223978,3.93921611764976,-2.57702193869581,0.693147180559945,0.239006257894183,-1.34707364796661,4.60154128107023,1.44051778076951,-0.436955775199535,2.05412373369555
"243",4.787491743,3.46573590279973,4.48672856068415,1.7404661748405,3.98898404656427,-1.83676418665025,-0.49429632181478,5.13418715139116,1.07040853778964,0.0953101798043249,1.90210752639692
"244",4.86753445,2.99573227355399,-4.60517018598809,-1.35479569406052,2.63905732961526,-0.878313298484498,-1.66073120682165,4.54528244725662,NA,-0.3147107448397,2.02814824729229
"245",5.192956851,2.63905732961526,4.41765764668718,-1.87080267656851,0.741937344729377,-0.287182244053476,-1.96611285637283,5.01063529409626,-0.148515381986502,-0.455706324544911,1.79175946922805
"246",5.298317367,2.63905732961526,4.30522448152939,-1.65548185093551,0.405465108108164,-0.378078406860227,-1.89711998488588,4.78749174278205,0.120017172779103,-0.450985623409974,1.82454929205105
"247",3.155124563,2.94443897916644,4.56692803528636,-2.95651156040071,-3.47376807449699,0.985130939601921,-2.04022082852655,5.24702407216049,NA,-0.507497833673316,2.17475172148416
"248",4.081892267,3.36729582998647,4.47584955678584,1.48727027845989,3.58351893845611,-2.58487641501884,-0.941608539858445,5.7037824746562,NA,0.0953101798043249,2.34180580614733
"249",4.210421725,2.89037175789616,3.0248125652111,0.0861776962410524,1.77495235091167,-1.77195684193188,-1.34707364796661,4.60517018598809,0.555063871665929,-0.019182819416774,2.09186406167839
"250",4.236371304,2.94443897916644,4.44719500682771,-1.33560124680437,1.96009478404727,-1.60240936067489,-0.967584026261706,5.01063529409626,NA,0,2.05412373369555
"251",4.380261732,2.77258872223978,4.5392128164143,-1.08175517160169,0.182321556793955,1.23840453174362,-0.430782916092454,5.07733811956162,NA,-0.63487827243597,2.42480272571829
"252",4.480564833,2.83321334405622,4.53693452760007,-2.39689577246529,-1.20397280432594,2.46986711160137,-1.51412773262978,4.9416424226093,NA,-0.0998203352822109,2.50143595173921
"253",4.576864992,2.70805020110221,4.54831575065964,-2.3859667019331,-1.46967597005894,1.87878435145982,-0.562118918153541,5.01063529409626,NA,-0.558616287602339,2.29253475714054
"254",4.577564425,2.77258872223978,4.43689951595769,-2.14558134418438,0.0953101798043249,0.347929815729008,-2.20727491318972,4.9416424226093,NA,-0.463624022281697,2.04122032885964
"255",4.787491743,3.58351893845611,4.47767643293769,2.17133680638409,4.47733681447821,0.76825811083298,-0.105360515657826,5.85793315448346,1.53093385063766,0.131028262406404,2.18605127673809
"256",4.941642423,3.71357206670431,4.42871357588161,2.37954613413017,4.49980967033027,-0.356674943938732,0.405465108108164,5.48063892334199,1.01268610627813,0.231111720963387,2.24070968927596
"257",2.341093992,3.80666248977032,4.44520212484572,1.68082790852077,4.58496747867057,-0.626798833146402,-1.71479842809193,4.86753445045558,-0.626848740862945,0.46373401623214,2.55722731136763
"258",1.568615918,3.58351893845611,4.44140232548881,2.12226153886276,2.484906649788,-1.95646247148906,-1.34707364796661,4.70048036579242,NA,0.048790164169432,3.74242022104197
"259",2.066820555,3.09104245335832,4.35945702897125,0,2.63905732961526,-1.81011773571569,-2.12026353620009,4.78856778697212,-1.86098664816285,-0.325730140089311,2.07944154167984
"260",4.43498117,2.94443897916644,4.5476412820075,-1.66600826392249,-1.17118298150295,0.812103419743857,-0.941608539858445,5.48007396294858,NA,0.0506931143155182,2.06686275947298
"261",4.700480366,3.73766961828337,4.37781192286615,2.03077636969855,4.50755735712109,-0.082002049013068,0.0953101798043249,5.4380793089232,0.405093318336245,0.182321556793955,1.85629799036563
"262",5.135496499,2.484906649788,4.28410329081598,-2.06356819252355,0.0953101798043249,-0.39882126588643,-1.71479842809193,5.19295685089021,1.08132062145145,-0.298406035814757,1.7404661748405
"263",3.748408839,2.77258872223978,4.5490336720188,-2.61729583783375,-1.83258146374831,-0.0484351931790893,-1.6094379124341,5.52146091786225,NA,0.22314355131421,2.19722457733622
"264",3.55988486,3.3322045101752,4.49521693484807,0.86288995514704,3.09104245335832,0.268243569739198,-0.0202027073175195,5.19295685089021,NA,-0.189950583958446,2.85070650150373
"265",5.010635294,3.2188758248682,4.33998264447198,-1.74869997976761,3.46573590279973,0.606104592537802,-0.63487827243597,4.9416424226093,NA,-0.146182510178081,2.14006616349627
"266",4.503506653,2.94443897916644,4.4868837600896,-1.43129172705063,-0.430782916092454,-0.298822994697686,-0.673344553263766,5.39362754635236,NA,-0.891598119283784,2.14006616349627
"267",2.87170154,2.39789527279837,4.50549687183145,-3.10109278921182,-3.03655426807425,-0.60923427086614,-2.31263542884755,5.56249617911154,0.92687108323262,-1.34707364796661,2.66722820658195
"268",4.284389716,2.56494935746154,4.49395007203321,-2.12026353620009,-1.6094379124341,0,-1.46967597005894,5.39362754635236,1.44246673224335,-1.42711635564015,2.82731362192903
"269",4.579810874,2.77258872223978,4.21845710878705,-1.37832619147071,0.741937344729377,-0.0600952041077244,-1.77195684193188,4.60517018598809,0.383511832705349,-1.10866262452161,2.87919845729804
"270",4.700480366,2.70805020110221,4.48606714028916,-2.24431618487007,-0.139262067333508,0.357660011300528,-1.10866262452161,5.63478960316925,1.1230864221091,-1.20397280432594,2.99071973173045
"271",4.700480366,2.63905732961526,4.49911797405243,-2.44184716032755,-1.10866262452161,-0.138944271858828,-1.04982212449868,5.39362754635236,NA,-1.20397280432594,2.72785282839839
"272",4.787491743,2.63905732961526,4.48250768540681,-2.67364877438488,-2.45340798272863,-0.174353387144778,-1.89711998488588,5.66988092298052,0.666807600487892,-1.51412773262978,2.62466859216316
"273",5.560681631,2.56494935746154,4.48352320842621,-2.47693848013882,0.916290731874155,0.1447317203713,-0.63487827243597,5.39362754635236,1.24915548993352,-1.6094379124341,2.7408400239252
"274",4.940706369,3.17805383034795,4.36462794192032,-1.2623083813389,3.52636052461616,-0.0251684745197022,-0.967584026261706,5.01063529409626,1.23266598211981,-0.713349887877465,3.02042488614436
"275",4.384920077,2.39789527279837,3.56999870647339,-1.8773173575897,-3.9633162998157,-2.32096813038495,-2.20727491318972,4.51835560319685,0.507896654319788,-1.07880966137193,2.50143595173921
"276",2.971627014,2.89037175789616,4.40524488837015,-0.667479433811368,1.93152141160321,-2.19253562666765,-1.27296567581289,4.70048036579242,NA,-0.967584026261706,2.92316158071916
"277",3.978427136,2.63905732961526,4.49415115385753,-2.56394985712845,-3.17008566069877,-0.404412570220558,-2.60369018577797,5.66988092298052,-0.793421530493422,-1.20397280432594,2.80336038090653
"278",4.183072273,2.63905732961526,3.88505798656224,-2.91877123241786,-0.371063681390832,-0.640543356691414,-1.96611285637283,5.07517381523383,0.500606422746479,-1.23787435600162,1.84054963339749
"279",4.605170186,1.93152141160321,3.13381515796951,-3.54045944899566,-1.56064774826467,-0.893293089080188,-2.12026353620009,4.33776068215747,-0.508424171229372,-1.14256417619729,2.57261223020711
"280",4.389670962,2.70805020110221,4.15092803334193,-2.04022082852655,1.28093384546206,-0.50964229584139,-1.20397280432594,5.34710753071747,1.3795599457628,-1.13943428318836,2.92316158071916
"281",4.341584952,2.89037175789616,3.43399790926656,-3.61191841297781,1.06471073699243,-0.488070535745178,-1.96611285637283,4.70462311275406,-0.821017055008782,-0.843970070294529,2.90142159408275
"282",3.17805383,1.52605630349505,2.92732583740165,-3.61191841297781,-3.54045944899566,-0.998664900082512,-2.39689577246529,3.88962021541687,-1.75734436144489,-1.89711998488588,2.70136121295141
"283",5.560681631,2.94443897916644,4.20292209427928,-2.14558134418438,1.90210752639692,-0.357193586982215,-1.27296567581289,5.34710753071747,0.591019508627065,-1.04982212449868,2.98568193770049
"284",4.941642423,2.99573227355399,4.24815686151941,-2.64507540194082,1.56861591791385,-0.677186136430074,-1.30933331998376,4.9416424226093,1.10202611758426,-1.02165124753198,3.01062088604774
"285",4.409257436,2.06686275947298,2.40262597264456,-2.90042209374967,0.470003629245736,-0.871383420038168,-2.30258509299405,2.84578351735102,-0.421531735909569,-0.95711272639441,2.71469474382088
"286",3.903245235,2.89037175789616,4.54287999412964,-3.24419363285249,-2.91877123241786,0.570553845818531,-1.89711998488588,5.19295685089021,NA,-1.04982212449868,2.09186406167839
"287",4.385409052,2.28238238567653,3.19011984071396,-3.77226106305299,-2.04022082852655,-0.450093442244112,-2.46510402249182,4.60517018598809,-1.28361876182634,-0.342490308946776,1.80828877117927
"288",4.595329623,2.99573227355399,4.53811224620568,-1.93102153656156,-1.13943428318836,-0.256261507925537,-1.04982212449868,5.4380793089232,NA,-0.138457793147567,1.98787434815435
"289",5.075173815,2.39789527279837,3.93029071416283,-2.52572864430826,-2.84731226843572,-0.240423495802049,-1.66073120682165,5.07517381523383,0.890322026974216,-0.083381608939051,1.70474809223843
"290",5.135798437,2.77258872223978,-4.60517018598809,-1.8773173575897,0.955511445027436,0.234429283191702,-1.51412773262978,5.2464027328534,1.63802353371582,-0.186691089311897,1.88706964903238
"291",4.454149821,3.13549421592915,4.49625228756284,0.741937344729377,1.6094379124341,-0.776528789498996,1.02961941718116,5.4380793089232,NA,-0.17197526473981,2.2512917986065
"292",3.723948911,2.99573227355399,4.25461714107074,-1.09661428600544,2.77258872223978,0.428502987830094,-1.66073120682165,5.19295685089021,NA,-0.100925918589961,2.50959926237837
"293",4.700480366,2.484906649788,3.60636740395556,-1.89711998488588,-0.139262067333508,0.0309110991262991,-2.52572864430826,4.60517018598809,0.223540801999707,-1.01887732064926,1.68639895357023
"294",4.700480366,3.17805383034795,4.50645709902711,2.19999850421894,3.13549421592915,-1.89684558253765,-0.301105092783922,5.07517381523383,NA,-0.412489723045129,2.35137525716348
"295",2.232484451,3.49650756146648,4.02831564512937,-1.05268335677971,3.97029191355212,-0.540219452233123,-1.6094379124341,4.78749174278205,NA,-0.134674903326602,4.55176940926098
"296",3.218875825,2.4423470353692,4.3945726038424,-3.69829504196763,-2.99573227355399,-1.38629436111989,-2.81341071676004,3.97029191355212,0.78845736036427,-0.579818495252942,1.87180217690159
"297",3.871201011,2.21920348405499,4.47745044438572,-3.69829504196763,-0.82098055206983,-2.12026353620009,-2.7333680090865,2.94443897916644,-1.42711635564015,-0.867500567704723,1.58923520511658
"298",3.891820298,2.27212588550934,4.3945726038424,-3.69829504196763,-3.81671282562382,0.336472236621213,-2.81341071676004,3.89182029811063,0.182321556793955,-0.843970070294529,1.82454929205105
"299",2.48490665,2.484906649788,4.38215162686203,-3.42156414325217,-3.64965874096066,-2.12026353620009,-2.71810053695571,3.95124371858143,-1.6094379124341,-0.49429632181478,1.80828877117927
"300",2.63905733,2.39789527279837,4.40684119104832,-3.59469299635789,-3.72970144863419,-1.20397280432594,-2.36446049671213,4.31748811353631,-0.116533816255952,-0.755022584278033,1.6094379124341
"301",3.044522438,2.60268968544438,4.49992077526899,-3.50330947914794,-3.81671282562382,-1.42711635564015,-2.20727491318972,3.73766961828337,-1.27296567581289,-0.27443684570176,1.82454929205105
"302",3.091042453,2.94443897916644,3.55563373496657,-2.88377690581603,-1.6094379124341,-0.400477566597125,-1.96611285637283,5.01063529409626,NA,-0.0512932943875506,1.7227665977411
"303",3.135494216,2.67414864942653,4.46602305457793,-3.69829504196763,-1.71479842809193,-0.544727175441672,-2.32278780031156,3.68887945411394,-0.287682072451781,-0.342490308946776,1.22377543162212
"304",3.17805383,2.56494935746154,4.44276889662927,-3.42156414325217,-3.72970144863419,-0.755022584278033,-2.30258509299405,3.95124371858143,-0.941608539858445,-0.916290731874155,1.70474809223843
"305",3.33220451,2.52572864430826,4.23425142163251,-3.28010760596854,-3.61191841297781,-1.42711635564015,-2.81341071676004,4.45434729625351,-0.967584026261706,-0.776528789498996,1.7404661748405
"306",3.433987204,2.52572864430826,4.18980624570068,-3.50330947914794,-3.41124771751566,-0.0100503358535015,-2.20727491318972,5.07517381523383,-0.63487827243597,-0.653926467406664,1.64865862558738
"307",4.007333185,3.06805293513362,4.04322669104349,-3.42156414325217,-2.3538783873816,-0.941608539858445,-1.89711998488588,5.07517381523383,-0.385662480811985,-0.0725706928348354,1.52605630349505
"308",4.025351691,2.80336038090653,4.3945726038424,-3.50330947914794,-2.56394985712845,-1.30933331998376,-1.89711998488588,4.21950770517611,-2.37515578582888,-0.63487827243597,1.96009478404727
"309",1.589235205,2.99573227355399,4.27680499826078,-3.42156414325217,0.993251773010283,-0.462035459596559,-1.38629436111989,4.24849524204936,-1.34707364796661,-0.0512932943875506,1.50407739677627
"310",2.63905733,2.91777073208428,2.56571829252441,-3.34761651127288,-1.20397280432594,0.693147180559945,-1.83258146374831,5.39362754635236,NA,-0.342490308946776,1.96009478404727
"311",2.944438979,2.99573227355399,3.4968105458651,-1.9229681557099,-0.941608539858445,0.405465108108164,-0.7339691750802,4.9416424226093,NA,-0.186329578191493,2.484906649788
"312",3.33220451,2.80336038090653,4.47745044438572,-3.42156414325217,0.405465108108164,-2.12026353620009,-1.6094379124341,3.73766961828337,-1.13943428318836,-0.2484613592985,1.66770682055808
"313",3.871201011,2.39789527279837,3.93202169193483,-3.50330947914794,-2.3859667019331,0.53062825106217,-1.96611285637283,4.78749174278205,0.182321556793955,-0.755022584278033,1.85629799036563
"314",3.135494216,2.484906649788,4.53270701425438,-3.50330947914794,-2.86470401114759,-0.755022584278033,-2.12026353620009,3.63758615972639,-1.23787435600162,-0.673344553263766,1.77495235091167
"315",3.33220451,2.56494935746154,4.38215162686203,-3.69829504196763,-1.38629436111989,-2.12026353620009,-2.81341071676004,4.39444915467244,-2.12026353620009,-0.446287102628419,2.2512917986065
"316",3.465735903,3.04452243772342,4.36957442673464,-3.50330947914794,-2.20727491318972,-1.20397280432594,-2.12026353620009,4.55387689160054,-0.776528789498996,-0.105360515657826,1.68639895357023
"317",3.80666249,3.3499040872746,3.09149689553837,-0.298442717080498,1.98787434815435,1.64865862558738,-3.91202300542815,5.39362754635236,NA,0.0953101798043249,1.98787434815435
"318",4.127134385,3.3322045101752,3.91222298543081,-1.5066570487191,1.33500106673234,0.916290731874155,-1.10866262452161,4.78749174278205,NA,0.0953101798043249,2.63905732961526
"319",4.304065093,2.91777073208428,3.09149689553837,-3.42156414325217,1.02961941718116,1.48160454092422,-1.10866262452161,5.07517381523383,0.470003629245736,-0.22314355131421,1.7404661748405
"320",2.772588722,3.2188758248682,4.3945726038424,-2.92357346693264,-0.713349887877465,0.182321556793955,-0.798507696217772,4.27666611901606,NA,-0.0512932943875506,2.15176220325946
"321",2.944438979,2.83321334405622,2.39880395073459,-2.51911847718042,-3.81671282562382,-0.27443684570176,-2.81341071676004,5.52146091786225,NA,-0.3147107448397,1.41098697371026
"322",2.995732274,2.7408400239252,2.39880395073459,-1.69976628457467,-3.81671282562382,0.336472236621213,-2.81341071676004,5.13579843705026,NA,-0.562118918153541,1.75785791755237
"323",3.091042453,2.89037175789616,2.70871664564537,-2.92357346693264,-3.81671282562382,-0.2484613592985,-2.33304430047875,5.29831736654804,NA,-0.328504066972036,1.62924053973028
"324",3.135494216,2.83321334405622,2.30358459332713,-3.42156414325217,-3.81671282562382,0.78845736036427,-1.71479842809193,5.29831736654804,NA,-0.415515443961666,1.79175946922805
"325",3.663561646,2.80336038090653,4.17454110421638,-3.34761651127288,-3.64965874096066,-0.385662480811985,-2.30258509299405,4.52178857704904,NA,-0.328504066972036,1.82454929205105
"326",3.828641396,3.19867311755068,2.63977136034892,-2.49524388739994,1.66770682055808,1.19392246847243,-0.371063681390832,5.01063529409626,NA,-0.116533816255952,2.18605127673809
"327",3.951243719,2.77258872223978,2.39880395073459,-3.69829504196763,-2.7333680090865,0.182321556793955,-1.42711635564015,5.48063892334199,NA,-0.462035459596559,1.62924053973028
"328",4.276666119,3.11351530921037,4.17454110421638,-2.59549448410111,2.56494935746154,-0.776528789498996,-1.6094379124341,4.53259949315326,1.09861228866811,-0.22314355131421,2.07944154167984
"329",4.605170186,3.06805293513362,2.94496515650034,-3.69829504196763,2.2082744135228,0.470003629245736,-0.916290731874155,5.24702407216049,0.955511445027436,-0.150822889734584,1.56861591791385
"330",2.564949357,3.19867311755068,3.68912942286914,-1.68308041601205,1.22377543162212,0.641853886172395,-1.96611285637283,4.54329478227,NA,-0.127833371509885,2.30258509299405
"331",2.890371758,2.60268968544438,2.48573963609189,-2.47208207729005,-3.81671282562382,0,-1.77195684193188,5.19295685089021,NA,-0.673344553263766,1.56861591791385
"332",3.091042453,2.94443897916644,2.30358459332713,-1.94578930735697,-0.287682072451781,0.955511445027436,-1.77195684193188,4.9416424226093,NA,-0.3147107448397,2.01490302054226
"333",4.234106505,3.13549421592915,4.11103778516376,-3.69829504196763,-0.150822889734584,-1.30933331998376,-1.42711635564015,4.46590811865458,-0.941608539858445,-0.356674943938732,1.64865862558738
"334",4.304065093,3.15700042115011,4.14329344395396,-3.16050779429853,1.97408102602201,-3.2188758248682,-1.07880966137193,4.9416424226093,-0.59783700075562,-0.22314355131421,1.94591014905531
"335",4.787491743,3.06805293513362,3.66381802351856,-3.34761651127288,-1.13943428318836,0.0953101798043249,-1.6094379124341,5.13579843705026,NA,-0.356674943938732,1.80828877117927
"336",5.247024072,3.36729582998647,2.56571829252441,-3.28010760596854,1.56861591791385,0.336472236621213,-0.916290731874155,5.29831736654804,NA,0.0953101798043249,1.94591014905531
"337",2.48490665,2.70805020110221,3.91222298543081,-2.74232036208527,-3.81671282562382,-0.867500567704723,-2.3434070875143,4.86753445045558,NA,-0.527632742082372,1.48160454092422
"338",3.36729583,2.89037175789616,2.15292431843964,-3.42156414325217,-3.61191841297781,1.09861228866811,-2.04022082852655,5.19295685089021,-0.210721031315653,-0.510825623765991,1.6094379124341
"339",3.401197382,3.02042488614436,4.04322669104349,-1.54024943941171,1.38629436111989,-2.04022082852655,-2.31263542884755,4.57471097850338,-0.49429632181478,-0.261364764134408,1.41098697371026
"340",3.465735903,2.86220088092947,2.63977136034892,-1.29504779388952,-2.20727491318972,-0.713349887877465,-2.04022082852655,5.39362754635236,NA,-0.562118918153541,1.43508452528932
"341",3.583518938,2.86220088092947,2.48573963609189,-3.34761651127288,-3.81671282562382,0.182321556793955,-2.81341071676004,5.29831736654804,-0.342490308946776,-0.430782916092454,1.25276296849537
"342",3.912023005,2.7408400239252,3.04499851485691,-3.28010760596854,-2.43041846450393,-1.02165124753198,-2.79688141480883,5.34710753071747,-0.7339691750802,-0.49429632181478,1.80828877117927
"343",3.931825633,3.02042488614436,2.94496515650034,-3.42156414325217,-1.17118298150295,-1.83258146374831,-2.81341071676004,5.29831736654804,NA,-0.287682072451781,1.50407739677627
"344",4.094344562,2.80336038090653,2.48573963609189,-3.50330947914794,-3.81671282562382,1.22377543162212,-1.71479842809193,5.19295685089021,NA,-0.544727175441672,1.52605630349505
"345",4.86753445,2.70805020110221,4.36957442673464,-3.05690573220381,-3.81671282562382,-2.12026353620009,-2.81341071676004,4.18965474202643,NA,-0.510825623765991,1.3609765531356
"346",2.397895273,2.7408400239252,2.30358459332713,-3.59469299635789,-3.81671282562382,0.587786664902119,-2.81341071676004,5.34710753071747,0,-0.579818495252942,1.7404661748405
"347",3.988984047,3.02042488614436,2.56571829252441,-0.2449137007132,2.27212588550934,0.8754687373539,-1.71479842809193,4.44265125649032,NA,-0.27443684570176,2.17475172148416
"348",3.988984047,2.94443897916644,2.56571829252441,-2.92357346693264,-0.82098055206983,-1.07880966137193,-2.74887219562247,4.70048036579242,NA,-0.415515443961666,1.7227665977411
"349",4.077537444,3.23867845216438,2.48573963609189,-3.34761651127288,2.11625551480255,0.336472236621213,-2.52572864430826,5.07517381523383,NA,-0.3147107448397,1.88706964903238
"350",4.219507705,2.91777073208428,2.94496515650034,-2.56919153177274,0.693147180559945,-2.12026353620009,-2.81341071676004,4.78749174278205,-0.967584026261706,-0.23572233352107,1.56861591791385
"351",4.442651256,3.04452243772342,3.55563373496657,-3.28010760596854,-0.23572233352107,-0.261364764134408,-3.91202300542815,5.01063529409626,0.78845736036427,-0.127833371509885,1.45861502269952
"352",4.532599493,2.91777073208428,2.30358459332713,-2.92357346693264,-1.38629436111989,1.66770682055808,-2.39689577246529,5.07517381523383,0.0953101798043249,-0.462035459596559,1.58923520511658
"353",4.605170186,2.99573227355399,2.56571829252441,-3.28010760596854,-0.3147107448397,1.06471073699243,-2.50103603171788,5.56068163101553,NA,-0.400477566597125,1.56861591791385
"354",4.787491743,3.04452243772342,2.99623214859564,-2.27204200832713,-0.59783700075562,-1.07880966137193,-2.60369018577797,4.86753445045558,NA,-0.59783700075562,1.56861591791385
"355",3.258096538,3.04452243772342,2.77321352700862,-3.42156414325217,-1.46967597005894,1.48160454092422,-2.81341071676004,5.4380793089232,NA,-0.49429632181478,2.484906649788
"356",3.496507561,3.04452243772342,2.48573963609189,-0.257953722124779,0.916290731874155,0.53062825106217,-2.12026353620009,4.9416424226093,NA,-0.446287102628419,2.30258509299405
"357",3.526360525,3.17805383034795,2.83380140640777,-3.69829504196763,-0.916290731874155,0.336472236621213,-1.89711998488588,5.52146091786225,0.0953101798043249,-0.0202027073175195,2.04122032885964
"358",3.583518938,3.43398720448515,2.99623214859564,-2.00596387155328,2.63905732961526,1.19392246847243,-2.55104645229255,5.07517381523383,NA,0.0953101798043249,2.70805020110221
"359",3.970291914,2.86220088092947,2.39880395073459,-3.16050779429853,0.641853886172395,1.16315080980568,-2.79688141480883,4.86753445045558,NA,-0.63487827243597,2.14006616349627
"360",4.430816799,2.83321334405622,2.56571829252441,-3.42156414325217,-0.59783700075562,1.87180217690159,-2.04022082852655,5.13579843705026,NA,-0.755022584278033,2.23001440015921
"361",3.555348061,2.91777073208428,2.48573963609189,-3.50330947914794,-1.46967597005894,-0.083381608939051,-2.81341071676004,5.29831736654804,-1.51412773262978,-0.430782916092454,2.30258509299405
"362",3.583518938,2.89037175789616,4.34393528355116,-2.0444442963624,1.80828877117927,0.587786664902119,-0.916290731874155,3.61091791264422,NA,-0.579818495252942,2.10413415427021
"363",3.713572067,2.9704144655697,4.46602305457793,-2.14243092734761,-2.12026353620009,-1.13943428318836,-2.81341071676004,3.71357206670431,NA,-0.446287102628419,3.52636052461616
"364",3.737669618,2.70805020110221,3.21927574488953,-3.59469299635789,-0.941608539858445,1.22377543162212,-2.81341071676004,4.78749174278205,NA,-0.7339691750802,2.30258509299405
"365",3.80666249,2.63905732961526,2.99623214859564,-3.42156414325217,0.262364264467491,1.25276296849537,-2.61729583783375,4.78749174278205,NA,-0.713349887877465,2.05412373369555
"366",4.700480366,2.7408400239252,3.33256158927202,-3.42156414325217,-1.42711635564015,0.0953101798043249,-2.81341071676004,4.86753445045558,NA,-0.527632742082372,2.01490302054226
"367",5.598421959,2.89037175789616,2.77321352700862,-2.15749670050449,0.741937344729377,0.182321556793955,-2.50103603171788,5.13579843705026,NA,-0.478035800943,1.82454929205105
"368",2.564949357,2.77258872223978,3.17847041023316,-3.00986933253485,1.45861502269952,1.87180217690159,-2.81341071676004,5.56068163101553,-2.12026353620009,-0.63487827243597,2.26176309847379
"369",2.944438979,2.80336038090653,3.40153065945228,-3.21800542877281,1.88706964903238,-0.430782916092454,-2.81341071676004,5.13579843705026,NA,-0.755022584278033,2.56494935746154
"370",3.091042453,2.86220088092947,3.9891692146048,-0.619986551851501,2.56494935746154,-0.693147180559945,-2.47693848013882,4.60517018598809,NA,-0.510825623765991,2.39789527279837
"371",3.526360525,2.83321334405622,2.63977136034892,-3.16050779429853,1.09861228866811,-0.755022584278033,-2.56394985712845,5.52146091786225,2.14006616349627,-0.562118918153541,2.63905732961526
"372",3.663561646,2.99573227355399,2.94496515650034,-3.34761651127288,1.58923520511658,-1.02165124753198,-2.3434070875143,5.52146091786225,NA,-0.301105092783922,2.83321334405622
"373",3.713572067,2.91777073208428,3.25848107946056,-1.94578930735697,0.832909122935104,-0.127833371509885,-2.60369018577797,5.48063892334199,NA,-0.356674943938732,2.09186406167839
"374",2.48490665,3.04452243772342,2.39880395073459,-2.00596387155328,2.83321334405622,0.470003629245736,-0.478035800943,5.39362754635236,NA,-0.27443684570176,2.23001440015921
"375",2.63905733,2.89037175789616,4.29059641806799,-0.873115229028579,1.62924053973028,-1.23787435600162,-1.66073120682165,5.29831736654804,NA,-0.174353387144778,1.88706964903238
"376",2.63905733,2.94443897916644,3.04499851485691,-3.50330947914794,-0.116533816255952,-0.287682072451781,-1.38629436111989,4.78749174278205,NA,-0.210721031315653,2.484906649788
"377",2.63905733,3.06805293513362,2.56571829252441,-2.36563280061319,1.66770682055808,-0.415515443961666,-0.916290731874155,5.13579843705026,NA,-0.356674943938732,2.63905732961526
"378",2.708050201,2.7408400239252,2.83380140640777,-3.42156414325217,-1.51412773262978,0.832909122935104,-1.89711998488588,4.9416424226093,NA,-0.462035459596559,2.63905732961526
"379",3.17805383,3.04452243772342,2.77321352700862,-3.59469299635789,-0.198450938723838,0.741937344729377,-2.20727491318972,4.78749174278205,NA,-0.162518929497775,2.89037175789616
"380",3.218875825,3.2188758248682,2.63977136034892,-2.62272055242526,3.49650756146648,-0.941608539858445,-2.70306265959117,5.24702407216049,NA,-0.162518929497775,2.06686275947298
"381",2.833213344,3.2188758248682,2.48573963609189,-0.593194463120639,3.29583686600433,-0.0304592074847086,-2.55104645229255,5.48063892334199,NA,0.0953101798043249,2.00148000021012
"382",3.218875825,3.43398720448515,2.70871664564537,-3.42156414325217,3.8286413964891,-0.776528789498996,-1.71479842809193,5.39362754635236,0.182321556793955,0.182321556793955,2.04122032885964
"383",3.295836866,3.25809653802148,2.70871664564537,-3.50330947914794,3.68887945411394,0,-2.12026353620009,5.4380793089232,NA,0,1.98787434815435
"384",3.401197382,2.9704144655697,4.24863808898911,-2.0849332978057,1.77495235091167,-1.96611285637283,-1.83258146374831,4.60517018598809,NA,-0.0202027073175195,1.70474809223843
"385",3.663561646,3.19867311755068,2.99623214859564,-1.51991998904156,3.61091791264422,-2.12026353620009,-1.83258146374831,5.13579843705026,NA,0,1.96009478404727
"386",4.605170186,3.25809653802148,2.99623214859564,-3.50330947914794,3.68887945411394,-1.51412773262978,-2.40794560865187,5.29831736654804,NA,0,2.00148000021012
"387",2.219203484,2.484906649788,2.30358459332713,-3.00986933253485,0.336472236621213,-0.462035459596559,-0.776528789498996,5.39362754635236,NA,-0.867500567704723,1.93152141160321
"388",2.63905733,2.67414864942653,1.22671229129543,-2.7753407776728,-3.81671282562382,-0.673344553263766,-2.5133061243097,5.13579843705026,NA,-0.7339691750802,1.96009478404727
"389",3.258096538,2.67414864942653,1.70656462316482,-2.74232036208527,-2.12026353620009,-0.562118918153541,-0.916290731874155,4.86753445045558,NA,-1.02165124753198,1.66770682055808
"390",3.496507561,2.56494935746154,1.79342474854712,-3.50330947914794,-3.81671282562382,0.53062825106217,-2.81341071676004,5.13579843705026,NA,-0.776528789498996,1.88706964903238
"391",3.988984047,2.91777073208428,1.19694818938897,-3.05690573220381,-3.81671282562382,1.48160454092422,-2.78062089393705,5.01063529409626,NA,-0.843970070294529,2.12823170584927
"392",3.988984047,2.52572864430826,1.66959183525385,-1.85827545145368,-3.81671282562382,1.43508452528932,-2.78062089393705,5.48063892334199,NA,-0.63487827243597,1.97408102602201
"393",4.59511985,2.52572864430826,4.24863808898911,-3.28010760596854,-3.81671282562382,0.8754687373539,-1.66073120682165,5.19295685089021,NA,-0.579818495252942,1.58923520511658
"394",3.17805383,3.17805383034795,1.96150224381515,-3.42156414325217,-3.81671282562382,-0.0202027073175195,-1.83258146374831,4.9416424226093,NA,0,2.06686275947298
"395",3.17805383,2.63905732961526,2.002830439308,-3.16050779429853,-3.81671282562382,-0.3147107448397,-2.30258509299405,5.29831736654804,NA,-0.446287102628419,2.14006616349627
"396",3.218875825,2.99573227355399,2.02946317187359,-3.10697878888221,-3.81671282562382,0.262364264467491,-1.71479842809193,5.24702407216049,NA,0.0953101798043249,2.07944154167984
"397",3.555348061,2.70805020110221,1.74221902366792,-3.69829504196763,-3.81671282562382,-1.17118298150295,-2.43041846450393,5.4380793089232,NA,-0.301105092783922,1.7404661748405
"398",3.688879454,2.39789527279837,1.85785927093258,-3.16050779429853,-1.46967597005894,-0.371063681390832,-0.867500567704723,5.34710753071747,NA,-0.843970070294529,2.484906649788
